term,subject,landing_topic,concept_hint,status,source_batch
Noise regulation,"Sound Law, Noise Regulation & Compliance",Sound Law — Legal & Regulatory Framework,"General legal framework controlling unwanted sound from workplaces, venues, transport, construction, industry, or public events.",NEW,NOISELAW_2026_08_02
Noise ordinance,"Sound Law, Noise Regulation & Compliance",Sound Law — Legal & Regulatory Framework,Local municipal rule (common in the U.S. and elsewhere) setting neighborhood or property-line limits.,NEW,NOISELAW_2026_08_02
Environmental noise,"Sound Law, Noise Regulation & Compliance",Sound Law — Legal & Regulatory Framework,Noise affecting the public/community rather than only workers or audience members; EU law uses this concept via the Environmental Noise Directive.,NEW,NOISELAW_2026_08_02
Community noise,"Sound Law, Noise Regulation & Compliance",Sound Law — Legal & Regulatory Framework,"Noise evaluated from the standpoint of nearby residents/sensitive receivers; key for concerts, clubs, festivals, stadiums, industry, airports, highways.",NEW,NOISELAW_2026_08_02
Noise pollution,"Sound Law, Noise Regulation & Compliance",Sound Law — Legal & Regulatory Framework,Broad public-health framing for harmful or excessive sound exposure.,NEW,NOISELAW_2026_08_02
Noise nuisance,"Sound Law, Noise Regulation & Compliance",Sound Law — Legal & Regulatory Framework,"Legal/planning term for sound that unreasonably disturbs neighbors, even when a simple dB limit is not the only issue.",NEW,NOISELAW_2026_08_02
Statutory nuisance,"Sound Law, Noise Regulation & Compliance",Sound Law — Legal & Regulatory Framework,UK-style legal category where noise can be treated as a legally actionable nuisance.,NEW,NOISELAW_2026_08_02
Public nuisance,"Sound Law, Noise Regulation & Compliance",Sound Law — Legal & Regulatory Framework,Broader legal concept where sound affects a community or public area.,NEW,NOISELAW_2026_08_02
Private nuisance,"Sound Law, Noise Regulation & Compliance",Sound Law — Legal & Regulatory Framework,Noise interfering with one property owner's/occupier's use and enjoyment of property.,NEW,NOISELAW_2026_08_02
Permissible noise level,"Sound Law, Noise Regulation & Compliance",Sound Law — Legal & Regulatory Framework,"Maximum allowed sound level under a regulation, permit, standard, or license condition.",NEW,NOISELAW_2026_08_02
Noise limit value,"Sound Law, Noise Regulation & Compliance",Sound Law — Legal & Regulatory Framework,"Formal limit in dB, often tied to LAeq, Lmax, L10, L90, Lden, or Lnight.",NEW,NOISELAW_2026_08_02
Target value,"Sound Law, Noise Regulation & Compliance",Sound Law — Legal & Regulatory Framework,A recommended or planning goal rather than an absolute enforceable limit.,NEW,NOISELAW_2026_08_02
Guideline value,"Sound Law, Noise Regulation & Compliance",Sound Law — Legal & Regulatory Framework,"Health/policy recommendation (e.g., WHO environmental-noise guidance) that governments may adopt/adapt; WHO night guidance uses Lnight,outside with a 40 dB target.",NEW,NOISELAW_2026_08_02
Action level,"Sound Law, Noise Regulation & Compliance",Sound Law — Legal & Regulatory Framework,"Exposure threshold that triggers required controls, training, monitoring, hearing protection, or administrative action (OSHA/UK/EU systems).",NEW,NOISELAW_2026_08_02
Exposure limit value,"Sound Law, Noise Regulation & Compliance",Sound Law — Legal & Regulatory Framework,"Maximum allowed occupational exposure, usually after considering hearing-protector attenuation (EU/UK); EU 2003/10/EC sets 87 dB ELV with action values at 80 and 85 dB.",NEW,NOISELAW_2026_08_02
Recommended Exposure Limit (REL),"Sound Law, Noise Regulation & Compliance",Sound Law — Legal & Regulatory Framework,NIOSH advisory exposure recommendation; NIOSH states an 85 dBA 8-hour REL for occupational noise.,NEW,NOISELAW_2026_08_02
Hearing conservation program,"Sound Law, Noise Regulation & Compliance",Sound Law — Legal & Regulatory Framework,"Workplace program triggered by exposure thresholds; monitoring, hearing tests, protectors, training, recordkeeping.",NEW,NOISELAW_2026_08_02
Audiometric testing,"Sound Law, Noise Regulation & Compliance",Sound Law — Legal & Regulatory Framework,"Hearing-threshold testing required in many occupational-noise programs (e.g., Australia's WHS rules for workers frequently needing noise PPE).",NEW,NOISELAW_2026_08_02
Noise permit,"Sound Law, Noise Regulation & Compliance",Sound Law — Legal & Regulatory Framework,"Event/construction authorization specifying allowed hours, limits, monitoring locations, and measurement methods.",NEW,NOISELAW_2026_08_02
Sound management plan,"Sound Law, Noise Regulation & Compliance",Sound Law — Legal & Regulatory Framework,"Document for events/venues covering predicted levels, control measures, monitoring, complaints, and mitigation.",NEW,NOISELAW_2026_08_02
Noise impact assessment,"Sound Law, Noise Regulation & Compliance",Sound Law — Legal & Regulatory Framework,"Predictive or measured evaluation of how a project, event, venue, or source affects nearby receivers.",NEW,NOISELAW_2026_08_02
Acoustic assessment report,"Sound Law, Noise Regulation & Compliance",Sound Law — Legal & Regulatory Framework,"Formal consultant report documenting measurement methods, criteria, results, and compliance.",NEW,NOISELAW_2026_08_02
Compliance monitoring,"Sound Law, Noise Regulation & Compliance",Sound Law — Legal & Regulatory Framework,Real-time or scheduled measurement used to demonstrate that sound remains within limits.,NEW,NOISELAW_2026_08_02
Enforcement officer,"Sound Law, Noise Regulation & Compliance",Sound Law — Legal & Regulatory Framework,"Government/local-authority representative (authorized officer) who can inspect, measure, warn, cite, or shut down an event.",NEW,NOISELAW_2026_08_02
Abatement notice,"Sound Law, Noise Regulation & Compliance",Sound Law — Legal & Regulatory Framework,Legal instruction to reduce or stop a nuisance/noise condition.,NEW,NOISELAW_2026_08_02
Cease-and-desist order,"Sound Law, Noise Regulation & Compliance",Sound Law — Legal & Regulatory Framework,"Order to stop an activity that violates noise rules, permit conditions, or nuisance law.",NEW,NOISELAW_2026_08_02
License condition,"Sound Law, Noise Regulation & Compliance",Sound Law — Legal & Regulatory Framework,"Sound restriction attached to a venue, liquor/entertainment license, planning approval, or event permit (e.g., NSW LA10 criteria, emission limits, outdoor/late-night controls).",NEW,NOISELAW_2026_08_02
Development consent condition,"Sound Law, Noise Regulation & Compliance",Sound Law — Legal & Regulatory Framework,"Planning/zoning approval condition regulating amplified music, speaker placement, limiters, or sound levels.",NEW,NOISELAW_2026_08_02
Special entertainment precinct,"Sound Law, Noise Regulation & Compliance",Sound Law — Legal & Regulatory Framework,Australian/NSW concept where live-entertainment regulation is adjusted in designated cultural/nightlife areas.,NEW,NOISELAW_2026_08_02
Quiet hours,"Sound Law, Noise Regulation & Compliance",Sound Law — Legal & Regulatory Framework,Local restricted periods (usually night) with lower limits or stricter nuisance rules.,NEW,NOISELAW_2026_08_02
Sensitive receptor,"Sound Law, Noise Regulation & Compliance",Sound Law — Legal & Regulatory Framework,"Protected location (homes, hospitals, schools, childcare, hotels, aged-care, worship, wildlife, labs); noise-sensitive receiver used in airport/environmental rules.",NEW,NOISELAW_2026_08_02
Property-line limit,"Sound Law, Noise Regulation & Compliance",Sound Law — Legal & Regulatory Framework,"Sound limit measured at the boundary of the source property (venues, industry, construction).",NEW,NOISELAW_2026_08_02
Receiver-location limit,"Sound Law, Noise Regulation & Compliance",Sound Law — Legal & Regulatory Framework,"Limit measured at the affected residence, facade, window, or outdoor amenity area.",NEW,NOISELAW_2026_08_02
Facade level,"Sound Law, Noise Regulation & Compliance",Sound Law — Legal & Regulatory Framework,Sound level measured/predicted at a building facade; used in environmental noise mapping.,NEW,NOISELAW_2026_08_02
Free-field level,"Sound Law, Noise Regulation & Compliance",Sound Law — Legal & Regulatory Framework,Measurement away from reflecting surfaces; free-field and facade measurements are not interchangeable.,NEW,NOISELAW_2026_08_02
Immission,"Sound Law, Noise Regulation & Compliance",Sound Law — Legal & Regulatory Framework,Sound received at a location (European/international acoustics language).,NEW,NOISELAW_2026_08_02
Noise emission limit,"Sound Law, Noise Regulation & Compliance",Sound Law — Legal & Regulatory Framework,"Maximum allowed sound radiated by source equipment, machinery, vehicles, or a venue.",NEW,NOISELAW_2026_08_02
Noise immission limit,"Sound Law, Noise Regulation & Compliance",Sound Law — Legal & Regulatory Framework,Maximum allowed level received at a receptor.,NEW,NOISELAW_2026_08_02
Best practicable means (BPM),"Sound Law, Noise Regulation & Compliance",Sound Law — Legal & Regulatory Framework,"UK-style mitigation concept: use practical, reasonable methods to reduce noise.",NEW,NOISELAW_2026_08_02
As low as reasonably practicable (ALARP),"Sound Law, Noise Regulation & Compliance",Sound Law — Legal & Regulatory Framework,Risk-reduction principle in safety regulation; relevant to workplace noise controls.,NEW,NOISELAW_2026_08_02
Best available techniques (BAT),"Sound Law, Noise Regulation & Compliance",Sound Law — Legal & Regulatory Framework,"Environmental-regulation concept for industry; may apply to noise from plant, factories, infrastructure.",NEW,NOISELAW_2026_08_02
dB(A),"Sound Law, Noise Regulation & Compliance",Sound Law — Measurement Descriptors & Compliance Metrics,"A-weighted decibels; the most common legal sound metric for occupational, environmental, and entertainment noise.",NEW,NOISELAW_2026_08_02
dB(C),"Sound Law, Noise Regulation & Compliance",Sound Law — Measurement Descriptors & Compliance Metrics,C-weighted decibels; used for peak levels and bass-heavy music (France's music-venue framework includes LAeq and LCeq-style limits).,NEW,NOISELAW_2026_08_02
dB(Z),"Sound Law, Noise Regulation & Compliance",Sound Law — Measurement Descriptors & Compliance Metrics,Z-weighted / essentially flat weighting; useful technically but less common as a public legal limit.,NEW,NOISELAW_2026_08_02
"LAeq,T","Sound Law, Noise Regulation & Compliance",Sound Law — Measurement Descriptors & Compliance Metrics,"LAeq over a stated interval T (15 min, 1 h, 8 h, or an event period).",NEW,NOISELAW_2026_08_02
"LAeq,8h","Sound Law, Noise Regulation & Compliance",Sound Law — Measurement Descriptors & Compliance Metrics,"Eight-hour equivalent A-weighted exposure used in occupational rules (Australia: LAeq,8h 85 dB(A) or LC,peak 140 dB(C)).",NEW,NOISELAW_2026_08_02
"LEX,8h","Sound Law, Noise Regulation & Compliance",Sound Law — Measurement Descriptors & Compliance Metrics,Daily personal noise exposure normalized to 8 hours; common in EU/UK occupational-noise regulation.,NEW,NOISELAW_2026_08_02
"LEP,d","Sound Law, Noise Regulation & Compliance",Sound Law — Measurement Descriptors & Compliance Metrics,Daily personal noise exposure; older/UK-style notation still encountered.,NEW,NOISELAW_2026_08_02
"LEP,w","Sound Law, Noise Regulation & Compliance",Sound Law — Measurement Descriptors & Compliance Metrics,Weekly personal exposure where daily exposure varies substantially; UK HSE lists daily or weekly action values.,NEW,NOISELAW_2026_08_02
Dose exchange rate,"Sound Law, Noise Regulation & Compliance",Sound Law — Measurement Descriptors & Compliance Metrics,dB increase corresponding to halved allowable exposure time; OSHA and NIOSH/EU approaches differ.,NEW,NOISELAW_2026_08_02
3 dB exchange rate,"Sound Law, Noise Regulation & Compliance",Sound Law — Measurement Descriptors & Compliance Metrics,"Equal-energy rule: +3 dB = double sound energy, half exposure duration.",NEW,NOISELAW_2026_08_02
5 dB exchange rate,"Sound Law, Noise Regulation & Compliance",Sound Law — Measurement Descriptors & Compliance Metrics,OSHA-style U.S. occupational-noise exchange rate.,NEW,NOISELAW_2026_08_02
Peak sound pressure level,"Sound Law, Noise Regulation & Compliance",Sound Law — Measurement Descriptors & Compliance Metrics,"Instantaneous maximum pressure level; important for pyrotechnics, firearms, impacts, transients (OSHA references 140 dB peak SPL for impulsive/impact noise).",NEW,NOISELAW_2026_08_02
Lmax,"Sound Law, Noise Regulation & Compliance",Sound Law — Measurement Descriptors & Compliance Metrics,Maximum time-weighted level during a measurement interval.,NEW,NOISELAW_2026_08_02
Lmin,"Sound Law, Noise Regulation & Compliance",Sound Law — Measurement Descriptors & Compliance Metrics,Minimum time-weighted level during a measurement interval.,NEW,NOISELAW_2026_08_02
LA10,"Sound Law, Noise Regulation & Compliance",Sound Law — Measurement Descriptors & Compliance Metrics,A-weighted L10; NSW references LA10 noise-criteria conditions for live-entertainment venues.,NEW,NOISELAW_2026_08_02
LA90,"Sound Law, Noise Regulation & Compliance",Sound Law — Measurement Descriptors & Compliance Metrics,"A-weighted background level; important in planning, nuisance, and plant-noise criteria.",NEW,NOISELAW_2026_08_02
Lden,"Sound Law, Noise Regulation & Compliance",Sound Law — Measurement Descriptors & Compliance Metrics,Day-evening-night noise level; core EU environmental-noise metric (EU/EEA often uses 55 dB Lden as a threshold).,NEW,NOISELAW_2026_08_02
Lnight,"Sound Law, Noise Regulation & Compliance",Sound Law — Measurement Descriptors & Compliance Metrics,Night-time environmental-noise indicator used in WHO night guidance and EU noise policy.,NEW,NOISELAW_2026_08_02
Day-evening-night penalty,"Sound Law, Noise Regulation & Compliance",Sound Law — Measurement Descriptors & Compliance Metrics,Extra evening/night penalties added in Lden to reflect increased disturbance sensitivity.,NEW,NOISELAW_2026_08_02
Event LAeq,"Sound Law, Noise Regulation & Compliance",Sound Law — Measurement Descriptors & Compliance Metrics,LAeq across an event/performance segment; UK HSE advises warning the audience where Event LAeq may exceed 96 dB.,NEW,NOISELAW_2026_08_02
"LCeq,15min","Sound Law, Noise Regulation & Compliance",Sound Law — Measurement Descriptors & Compliance Metrics,"15-minute C-weighted equivalent level (French/Belgian-style entertainment rules; France cited at 102 dB LAeq,15min and 118 dB LCeq,15min).",NEW,NOISELAW_2026_08_02
"LAeq,15min","Sound Law, Noise Regulation & Compliance",Sound Law — Measurement Descriptors & Compliance Metrics,15-minute A-weighted equivalent level; common in music-venue and event regulation.,NEW,NOISELAW_2026_08_02
"LAeq,1h","Sound Law, Noise Regulation & Compliance",Sound Law — Measurement Descriptors & Compliance Metrics,"One-hour equivalent A-weighted level; Switzerland uses LAeq,1h thresholds for amplified-event notification/categories.",NEW,NOISELAW_2026_08_02
"LAeq,60min","Sound Law, Noise Regulation & Compliance",Sound Law — Measurement Descriptors & Compliance Metrics,60-minute equivalent level (Leq60') in European venue guidance; Swiss categories use 93/96/100 dB(A) average-hour thresholds.,NEW,NOISELAW_2026_08_02
Momentary value,"Sound Law, Noise Regulation & Compliance",Sound Law — Measurement Descriptors & Compliance Metrics,Short-duration maximum; Swiss event rules include a momentary value not to exceed 125 dB(A).,NEW,NOISELAW_2026_08_02
Background correction,"Sound Law, Noise Regulation & Compliance",Sound Law — Measurement Descriptors & Compliance Metrics,Adjustment when ambient/background noise contaminates a source measurement.,NEW,NOISELAW_2026_08_02
Tonal penalty,"Sound Law, Noise Regulation & Compliance",Sound Law — Measurement Descriptors & Compliance Metrics,"Adjustment for prominent tones (hums, whines, fans, transformers, generators, HVAC, sirens).",NEW,NOISELAW_2026_08_02
Impulse penalty,"Sound Law, Noise Regulation & Compliance",Sound Law — Measurement Descriptors & Compliance Metrics,"Adjustment for impulsive sounds (impacts, shots, pyrotechnics, hammering, pile driving).",NEW,NOISELAW_2026_08_02
Low-frequency penalty,"Sound Law, Noise Regulation & Compliance",Sound Law — Measurement Descriptors & Compliance Metrics,"Adjustment/special assessment for bass/rumble (clubs, festivals, substations, wind turbines, HVAC, industry).",NEW,NOISELAW_2026_08_02
Intermittency penalty,"Sound Law, Noise Regulation & Compliance",Sound Law — Measurement Descriptors & Compliance Metrics,Adjustment for on/off or irregular sound more noticeable than steady noise.,NEW,NOISELAW_2026_08_02
Pure tone component,"Sound Law, Noise Regulation & Compliance",Sound Law — Measurement Descriptors & Compliance Metrics,Narrowband tonal element within a broader noise signal.,NEW,NOISELAW_2026_08_02
Low-frequency noise (LFN),"Sound Law, Noise Regulation & Compliance",Sound Law — Measurement Descriptors & Compliance Metrics,Sound dominated by low frequencies; A-weighted limits may underrepresent its impact.,NEW,NOISELAW_2026_08_02
Infrasound,"Sound Law, Noise Regulation & Compliance",Sound Law — Measurement Descriptors & Compliance Metrics,"Sound below 20 Hz; arises in wind-energy, industrial, transport, and scientific-study disputes.",NEW,NOISELAW_2026_08_02
Ground-borne noise,"Sound Law, Noise Regulation & Compliance",Sound Law — Measurement Descriptors & Compliance Metrics,"Sound radiated into buildings from ground-transmitted vibration (rail, construction, tunneling, industry).",NEW,NOISELAW_2026_08_02
Structure-borne noise,"Sound Law, Noise Regulation & Compliance",Sound Law — Measurement Descriptors & Compliance Metrics,Sound caused by vibration transmitted through structures.,NEW,NOISELAW_2026_08_02
Airborne noise,"Sound Law, Noise Regulation & Compliance",Sound Law — Measurement Descriptors & Compliance Metrics,Sound transmitted through air.,NEW,NOISELAW_2026_08_02
Vibration dose value (VDV),"Sound Law, Noise Regulation & Compliance",Sound Law — Measurement Descriptors & Compliance Metrics,Vibration-exposure metric often paired with noise regulation in construction/rail studies.,NEW,NOISELAW_2026_08_02
Audience exposure limit,"Sound Law, Noise Regulation & Compliance",Sound Law — Live Events & Entertainment Compliance,"Maximum permitted sound exposure for patrons; European venue limits range ~90 to 114 dB(A), momentary C-weighted peaks sometimes up to 140 dB(C).",NEW,NOISELAW_2026_08_02
Amplified-sound event,"Sound Law, Noise Regulation & Compliance",Sound Law — Live Events & Entertainment Compliance,Event using electroacoustic amplification; many event laws apply only above amplified-sound thresholds.,NEW,NOISELAW_2026_08_02
Electroacoustically amplified sound,"Sound Law, Noise Regulation & Compliance",Sound Law — Live Events & Entertainment Compliance,"Swiss/European phrasing for sound produced/reinforced by PA systems; Swiss notification required above LAeq,1h 93 dB(A).",NEW,NOISELAW_2026_08_02
"Sound-level measurement, management and documentation (SLMMD)","Sound Law, Noise Regulation & Compliance",Sound Law — Live Events & Entertainment Compliance,"WHO-style phrasing for venue systems that measure, manage, and document music-venue sound exposure.",NEW,NOISELAW_2026_08_02
Front-of-house reference position,"Sound Law, Noise Regulation & Compliance",Sound Law — Live Events & Entertainment Compliance,Measurement position near FOH; may not satisfy laws requiring measurement at loudest audience location or property boundary.,NEW,NOISELAW_2026_08_02
Loudest audience position,"Sound Law, Noise Regulation & Compliance",Sound Law — Live Events & Entertainment Compliance,Critical compliance location in concert rules (associated with German DIN 15905-5 audience-hearing protection).,NEW,NOISELAW_2026_08_02
Audience warning notice,"Sound Law, Noise Regulation & Compliance",Sound Law — Live Events & Entertainment Compliance,Required/recommended notice when expected exposure exceeds a threshold (UK HSE: advise audience where Event LAeq may exceed 96 dB).,NEW,NOISELAW_2026_08_02
Hearing protection availability,"Sound Law, Noise Regulation & Compliance",Sound Law — Live Events & Entertainment Compliance,Frameworks that require/encourage free or available earplugs above certain levels.,NEW,NOISELAW_2026_08_02
Chill-out zone,"Sound Law, Noise Regulation & Compliance",Sound Law — Live Events & Entertainment Compliance,Lower-level recovery area for audiences (quiet zone); common in hearing-health venue rules.,NEW,NOISELAW_2026_08_02
Sound limiter,"Sound Law, Noise Regulation & Compliance",Sound Law — Live Events & Entertainment Compliance,Device that attenuates or cuts sound above a threshold (noise limiter); some license conditions require it (NSW 2024 reforms changed some requirements).,NEW,NOISELAW_2026_08_02
Limiter tamper seal,"Sound Law, Noise Regulation & Compliance",Sound Law — Live Events & Entertainment Compliance,Physical/software lock preventing unauthorized changes to a sound limiter.,NEW,NOISELAW_2026_08_02
Calibrated logging meter,"Sound Law, Noise Regulation & Compliance",Sound Law — Live Events & Entertainment Compliance,Sound level meter that records level history for enforcement or self-documentation.,NEW,NOISELAW_2026_08_02
Level logging,"Sound Law, Noise Regulation & Compliance",Sound Law — Live Events & Entertainment Compliance,Continuous storage of measured levels during an event.,NEW,NOISELAW_2026_08_02
Sound check limit,"Sound Law, Noise Regulation & Compliance",Sound Law — Live Events & Entertainment Compliance,Separate limit or time restriction for rehearsal/soundcheck.,NEW,NOISELAW_2026_08_02
Bass containment,"Sound Law, Noise Regulation & Compliance",Sound Law — Live Events & Entertainment Compliance,Controlling low-frequency spill at venues/festivals; often more important than A-weighted level alone.,NEW,NOISELAW_2026_08_02
Subwoofer directivity control,"Sound Law, Noise Regulation & Compliance",Sound Law — Live Events & Entertainment Compliance,Cardioid/end-fire/gradient sub arrays used to reduce off-site bass complaints.,NEW,NOISELAW_2026_08_02
Off-site noise monitoring,"Sound Law, Noise Regulation & Compliance",Sound Law — Live Events & Entertainment Compliance,Measurements at residential receivers or property boundaries during events.,NEW,NOISELAW_2026_08_02
Real-time noise display,"Sound Law, Noise Regulation & Compliance",Sound Law — Live Events & Entertainment Compliance,"Screen showing LAeq, LCeq, peaks, or exceedances to engineers, production, or regulators.",NEW,NOISELAW_2026_08_02
Exceedance event,"Sound Law, Noise Regulation & Compliance",Sound Law — Live Events & Entertainment Compliance,A logged breach of a limit.,NEW,NOISELAW_2026_08_02
Exceedance allowance,"Sound Law, Noise Regulation & Compliance",Sound Law — Live Events & Entertainment Compliance,Some permits allow brief exceedances; others do not.,NEW,NOISELAW_2026_08_02
Music noise level (MNL),"Sound Law, Noise Regulation & Compliance",Sound Law — Live Events & Entertainment Compliance,UK/Commonwealth-style term for music sound at a receiver.,NEW,NOISELAW_2026_08_02
Entertainment noise,"Sound Law, Noise Regulation & Compliance",Sound Law — Live Events & Entertainment Compliance,"Regulatory category for sound from concerts, clubs, pubs, bars, festivals.",NEW,NOISELAW_2026_08_02
Patron noise,"Sound Law, Noise Regulation & Compliance",Sound Law — Live Events & Entertainment Compliance,Crowd/queue/smoking-area noise; often regulated separately from amplified music.,NEW,NOISELAW_2026_08_02
Outdoor stage orientation,"Sound Law, Noise Regulation & Compliance",Sound Law — Live Events & Entertainment Compliance,Compliance-relevant design variable for festivals.,NEW,NOISELAW_2026_08_02
Curfew breach,"Sound Law, Noise Regulation & Compliance",Sound Law — Live Events & Entertainment Compliance,Violation of a required stop or reduction time.,NEW,NOISELAW_2026_08_02
Special event permit,"Sound Law, Noise Regulation & Compliance",Sound Law — Live Events & Entertainment Compliance,Temporary authorization with sound conditions.,NEW,NOISELAW_2026_08_02
Mass-gathering noise condition,"Sound Law, Noise Regulation & Compliance",Sound Law — Live Events & Entertainment Compliance,Permit condition for large public events.,NEW,NOISELAW_2026_08_02
Pyrotechnic peak noise,"Sound Law, Noise Regulation & Compliance",Sound Law — Live Events & Entertainment Compliance,"Peak-pressure issue from fireworks/pyrotechnics, often regulated separately from music LAeq.",NEW,NOISELAW_2026_08_02
Recreational noise exposure,"Sound Law, Noise Regulation & Compliance",Sound Law — Live Events & Entertainment Compliance,"Non-occupational exposure from music, headphones, clubs, sports, events.",NEW,NOISELAW_2026_08_02
Make Listening Safe,"Sound Law, Noise Regulation & Compliance",Sound Law — Live Events & Entertainment Compliance,WHO initiative/terminology around safe listening at venues and on personal audio systems.,NEW,NOISELAW_2026_08_02
Strategic noise mapping,"Sound Law, Noise Regulation & Compliance","Sound Law — Assessment, Mapping & Mitigation","Large-scale mapped assessment of environmental-noise exposure, required under the EU Environmental Noise Directive.",NEW,NOISELAW_2026_08_02
Noise action plan,"Sound Law, Noise Regulation & Compliance","Sound Law — Assessment, Mapping & Mitigation",Government plan to manage/reduce environmental noise based on mapping.,NEW,NOISELAW_2026_08_02
Agglomeration noise,"Sound Law, Noise Regulation & Compliance","Sound Law — Assessment, Mapping & Mitigation",EU environmental-noise term for urban areas large enough to require mapping/action planning.,NEW,NOISELAW_2026_08_02
Quiet area,"Sound Law, Noise Regulation & Compliance","Sound Law — Assessment, Mapping & Mitigation",Protected area where existing good acoustic quality should be preserved.,NEW,NOISELAW_2026_08_02
Facade correction,"Sound Law, Noise Regulation & Compliance","Sound Law — Assessment, Mapping & Mitigation",Adjustment for facade reflections during environmental-noise measurement.,NEW,NOISELAW_2026_08_02
Reflection correction,"Sound Law, Noise Regulation & Compliance","Sound Law — Assessment, Mapping & Mitigation",Correction applied when measured levels include reflected sound.,NEW,NOISELAW_2026_08_02
Microphone height criterion,"Sound Law, Noise Regulation & Compliance","Sound Law — Assessment, Mapping & Mitigation","Required measurement height (often 1.2-1.5 m locally, 4 m for strategic mapping).",NEW,NOISELAW_2026_08_02
Most-exposed facade,"Sound Law, Noise Regulation & Compliance","Sound Law — Assessment, Mapping & Mitigation",Building side receiving the highest environmental noise.,NEW,NOISELAW_2026_08_02
Receiver grid,"Sound Law, Noise Regulation & Compliance","Sound Law — Assessment, Mapping & Mitigation",Spatial calculation grid used in noise mapping.,NEW,NOISELAW_2026_08_02
Noise contour,"Sound Law, Noise Regulation & Compliance","Sound Law — Assessment, Mapping & Mitigation",Line of equal sound level across a map.,NEW,NOISELAW_2026_08_02
Iso-decibel contour,"Sound Law, Noise Regulation & Compliance","Sound Law — Assessment, Mapping & Mitigation","Same as a noise contour; common in airport, industrial, festival modeling.",NEW,NOISELAW_2026_08_02
Noise catchment,"Sound Law, Noise Regulation & Compliance","Sound Law — Assessment, Mapping & Mitigation",Area affected by a source's noise footprint.,NEW,NOISELAW_2026_08_02
Acoustic zoning,"Sound Law, Noise Regulation & Compliance","Sound Law — Assessment, Mapping & Mitigation",Land-use classification by permitted noise sensitivity or emission levels.,NEW,NOISELAW_2026_08_02
Zoning noise criterion,"Sound Law, Noise Regulation & Compliance","Sound Law — Assessment, Mapping & Mitigation","Limit tied to residential, commercial, industrial, mixed-use, or special-use zones.",NEW,NOISELAW_2026_08_02
Time-of-day correction,"Sound Law, Noise Regulation & Compliance","Sound Law — Assessment, Mapping & Mitigation",Penalty or limit change for evening/night periods.,NEW,NOISELAW_2026_08_02
Evening penalty,"Sound Law, Noise Regulation & Compliance","Sound Law — Assessment, Mapping & Mitigation",Additional dB penalty for evening noise in Lden-type systems.,NEW,NOISELAW_2026_08_02
Night penalty,"Sound Law, Noise Regulation & Compliance","Sound Law — Assessment, Mapping & Mitigation",Additional dB penalty for night noise in Lden-type systems.,NEW,NOISELAW_2026_08_02
Emergence,"Sound Law, Noise Regulation & Compliance","Sound Law — Assessment, Mapping & Mitigation",Difference between source noise and background/residual noise; used in Europe for venue/plant assessment.,NEW,NOISELAW_2026_08_02
Specific noise emergence,"Sound Law, Noise Regulation & Compliance","Sound Law — Assessment, Mapping & Mitigation",Amount a specific source rises above residual background.,NEW,NOISELAW_2026_08_02
Tonality assessment,"Sound Law, Noise Regulation & Compliance","Sound Law — Assessment, Mapping & Mitigation",Objective/subjective determination of tonal content for penalty application.,NEW,NOISELAW_2026_08_02
Narrowband analysis for tonality,"Sound Law, Noise Regulation & Compliance","Sound Law — Assessment, Mapping & Mitigation",FFT or 1/3-octave method used to identify prominent tones.,NEW,NOISELAW_2026_08_02
Audibility correction,"Sound Law, Noise Regulation & Compliance","Sound Law — Assessment, Mapping & Mitigation",Penalty based on whether a feature is clearly audible at the receiver.,NEW,NOISELAW_2026_08_02
Low-frequency C-A difference,"Sound Law, Noise Regulation & Compliance","Sound Law — Assessment, Mapping & Mitigation",Difference between dBC and dBA; indicator of bass dominance.,NEW,NOISELAW_2026_08_02
dB(C) minus dB(A),"Sound Law, Noise Regulation & Compliance","Sound Law — Assessment, Mapping & Mitigation",Practical field check for low-frequency content; high values suggest bass/rumble concerns.,NEW,NOISELAW_2026_08_02
Indoor audibility criterion,"Sound Law, Noise Regulation & Compliance","Sound Law — Assessment, Mapping & Mitigation","Rule based on whether music/bass is audible inside a residence, not only outdoor dB level.",NEW,NOISELAW_2026_08_02
Sleep disturbance criterion,"Sound Law, Noise Regulation & Compliance","Sound Law — Assessment, Mapping & Mitigation",Night-noise criterion intended to protect sleep.,NEW,NOISELAW_2026_08_02
Annoyance dose-response,"Sound Law, Noise Regulation & Compliance","Sound Law — Assessment, Mapping & Mitigation",Statistical relationship between sound exposure and percentage highly annoyed (ISO 1996 / WHO health-effect relationships).,NEW,NOISELAW_2026_08_02
Highly annoyed percentage (%HA),"Sound Law, Noise Regulation & Compliance","Sound Law — Assessment, Mapping & Mitigation",Environmental-noise impact metric.,NEW,NOISELAW_2026_08_02
Highly sleep disturbed (%HSD),"Sound Law, Noise Regulation & Compliance","Sound Law — Assessment, Mapping & Mitigation",Night-noise health-impact metric.,NEW,NOISELAW_2026_08_02
Soundscape assessment,"Sound Law, Noise Regulation & Compliance","Sound Law — Assessment, Mapping & Mitigation","Human-centered assessment of acoustic-environment quality, not only noise level.",NEW,NOISELAW_2026_08_02
Acoustic environment quality,"Sound Law, Noise Regulation & Compliance","Sound Law — Assessment, Mapping & Mitigation",Broader planning concept including wanted and unwanted sound.,NEW,NOISELAW_2026_08_02
Masking sound,"Sound Law, Noise Regulation & Compliance","Sound Law — Assessment, Mapping & Mitigation","Sound that covers/reduces audibility of another sound; relevant to offices, privacy, nuisance disputes.",NEW,NOISELAW_2026_08_02
Residual acoustic environment,"Sound Law, Noise Regulation & Compliance","Sound Law — Assessment, Mapping & Mitigation",Baseline sound environment without the proposed/assessed source.,NEW,NOISELAW_2026_08_02
Representative measurement period,"Sound Law, Noise Regulation & Compliance","Sound Law — Assessment, Mapping & Mitigation",Time period selected as typical of the noise condition.,NEW,NOISELAW_2026_08_02
Worst-case operating condition,"Sound Law, Noise Regulation & Compliance","Sound Law — Assessment, Mapping & Mitigation",Measurement/prediction condition using maximum expected source output.,NEW,NOISELAW_2026_08_02
Meteorological correction,"Sound Law, Noise Regulation & Compliance","Sound Law — Assessment, Mapping & Mitigation","Adjustment for wind, temperature gradient, humidity, and propagation conditions.",NEW,NOISELAW_2026_08_02
Downwind propagation condition,"Sound Law, Noise Regulation & Compliance","Sound Law — Assessment, Mapping & Mitigation",Measurement/prediction assumption where sound travels more efficiently toward receivers.,NEW,NOISELAW_2026_08_02
Temperature inversion,"Sound Law, Noise Regulation & Compliance","Sound Law — Assessment, Mapping & Mitigation","Atmospheric condition increasing long-distance sound propagation, especially at night.",NEW,NOISELAW_2026_08_02
Ground attenuation,"Sound Law, Noise Regulation & Compliance","Sound Law — Assessment, Mapping & Mitigation",Propagation loss from ground absorption/reflection.,NEW,NOISELAW_2026_08_02
Barrier insertion loss,"Sound Law, Noise Regulation & Compliance","Sound Law — Assessment, Mapping & Mitigation",Reduction caused by an acoustic barrier; used in transportation/industrial mitigation.,NEW,NOISELAW_2026_08_02
Source-path-receiver model,"Sound Law, Noise Regulation & Compliance","Sound Law — Assessment, Mapping & Mitigation","Basic noise-control framework: reduce the source, interrupt the path, protect the receiver.",NEW,NOISELAW_2026_08_02
Best practicable environmental option (BPEO),"Sound Law, Noise Regulation & Compliance","Sound Law — Assessment, Mapping & Mitigation",Planning/environmental concept comparing mitigation alternatives.,NEW,NOISELAW_2026_08_02
Noise mitigation hierarchy,"Sound Law, Noise Regulation & Compliance","Sound Law — Assessment, Mapping & Mitigation","Control hierarchy: eliminate/reduce at source, engineering controls, administrative controls, PPE.",NEW,NOISELAW_2026_08_02
Administrative noise control,"Sound Law, Noise Regulation & Compliance","Sound Law — Assessment, Mapping & Mitigation","Scheduling, rotation, restricted hours, curfew, or operational procedures.",NEW,NOISELAW_2026_08_02
Engineering noise control,"Sound Law, Noise Regulation & Compliance","Sound Law — Assessment, Mapping & Mitigation","Physical controls: enclosures, barriers, silencers, damping, isolation, directional arrays.",NEW,NOISELAW_2026_08_02
Personal hearing protection,"Sound Law, Noise Regulation & Compliance","Sound Law — Assessment, Mapping & Mitigation","Earplugs/earmuffs; last-line control for workers, often supplementary for audiences.",NEW,NOISELAW_2026_08_02
Hearing protection zone,"Sound Law, Noise Regulation & Compliance","Sound Law — Assessment, Mapping & Mitigation",Workplace area where hearing protection is mandatory.,NEW,NOISELAW_2026_08_02
Attenuation derating,"Sound Law, Noise Regulation & Compliance","Sound Law — Assessment, Mapping & Mitigation",Reducing published hearing-protector NRR/SNR values for real-world performance.,NEW,NOISELAW_2026_08_02
Single Number Rating (SNR),"Sound Law, Noise Regulation & Compliance","Sound Law — Assessment, Mapping & Mitigation",European hearing-protector attenuation rating.,NEW,NOISELAW_2026_08_02
HML method,"Sound Law, Noise Regulation & Compliance","Sound Law — Assessment, Mapping & Mitigation","Hearing-protector rating method using High, Medium, Low frequency attenuation values.",NEW,NOISELAW_2026_08_02
Personal noise dosimeter,"Sound Law, Noise Regulation & Compliance","Sound Law — Assessment, Mapping & Mitigation",Wearable meter calculating dose/exposure.,NEW,NOISELAW_2026_08_02
Dosimetry exchange criterion,"Sound Law, Noise Regulation & Compliance","Sound Law — Assessment, Mapping & Mitigation",Rule for how exposure time changes with level.,NEW,NOISELAW_2026_08_02
Criterion duration,"Sound Law, Noise Regulation & Compliance","Sound Law — Assessment, Mapping & Mitigation","Reference exposure time, often 8 hours.",NEW,NOISELAW_2026_08_02
Projected dose,"Sound Law, Noise Regulation & Compliance","Sound Law — Assessment, Mapping & Mitigation",Estimate of full-shift dose based on a partial measurement.,NEW,NOISELAW_2026_08_02
Sound exposure meter,"Sound Law, Noise Regulation & Compliance","Sound Law — Assessment, Mapping & Mitigation",Meter measuring accumulated sound exposure.,NEW,NOISELAW_2026_08_02
Class 1 sound level meter,"Sound Law, Noise Regulation & Compliance","Sound Law — Assessment, Mapping & Mitigation","Precision-grade meter, typically required for enforcement or consultant reports.",NEW,NOISELAW_2026_08_02
Class 2 sound level meter,"Sound Law, Noise Regulation & Compliance","Sound Law — Assessment, Mapping & Mitigation",General-purpose meter; may be acceptable for screening or some compliance tasks.,NEW,NOISELAW_2026_08_02
Field calibration check,"Sound Law, Noise Regulation & Compliance","Sound Law — Assessment, Mapping & Mitigation",On-site pre/post-measurement calibration verification.,NEW,NOISELAW_2026_08_02
Traceable calibration,"Sound Law, Noise Regulation & Compliance","Sound Law — Assessment, Mapping & Mitigation",Calibration linked to recognized national/international standards.,NEW,NOISELAW_2026_08_02
Compliance margin,"Sound Law, Noise Regulation & Compliance","Sound Law — Assessment, Mapping & Mitigation",Difference between measured/predicted level and the limit.,NEW,NOISELAW_2026_08_02
Uncertainty allowance,"Sound Law, Noise Regulation & Compliance","Sound Law — Assessment, Mapping & Mitigation",How measurement uncertainty is handled when determining compliance.,NEW,NOISELAW_2026_08_02
Exceedance percentile,"Sound Law, Noise Regulation & Compliance","Sound Law — Assessment, Mapping & Mitigation",Percent of time a limit is exceeded.,NEW,NOISELAW_2026_08_02
Rolling LAeq,"Sound Law, Noise Regulation & Compliance","Sound Law — Assessment, Mapping & Mitigation",Continuously updated LAeq over a moving time window; useful in concert monitoring.,NEW,NOISELAW_2026_08_02
Sliding-window limit,"Sound Law, Noise Regulation & Compliance","Sound Law — Assessment, Mapping & Mitigation",Limit applied to every rolling time window rather than only fixed clock periods.,NEW,NOISELAW_2026_08_02
Fixed-interval limit,"Sound Law, Noise Regulation & Compliance","Sound Law — Assessment, Mapping & Mitigation",Limit assessed over fixed windows (each 15-minute or 1-hour period).,NEW,NOISELAW_2026_08_02
Noise log,"Sound Law, Noise Regulation & Compliance","Sound Law — Assessment, Mapping & Mitigation","Written/digital record of measurements, complaints, operating conditions, and corrective actions.",NEW,NOISELAW_2026_08_02
Complaint trigger level,"Sound Law, Noise Regulation & Compliance","Sound Law — Assessment, Mapping & Mitigation",Operational level/condition that prompts investigation after a community complaint.,NEW,NOISELAW_2026_08_02
Hotline protocol,"Sound Law, Noise Regulation & Compliance","Sound Law — Assessment, Mapping & Mitigation",Event/venue procedure for receiving and responding to noise complaints.,NEW,NOISELAW_2026_08_02
Corrective action log,"Sound Law, Noise Regulation & Compliance","Sound Law — Assessment, Mapping & Mitigation",Record of steps taken after exceedances or complaints.,NEW,NOISELAW_2026_08_02
OSHA noise standard,"Sound Law, Noise Regulation & Compliance","Sound Law — Standards, Laws & Instruments",U.S. OSHA occupational-noise rule (90 dBA 8-hour TWA PEL; 85 dBA action level).,NEW,NOISELAW_2026_08_02
ANSI sound level meter,"Sound Law, Noise Regulation & Compliance","Sound Law — Standards, Laws & Instruments",U.S. ANSI sound-level-meter specification referenced in American compliance work.,NEW,NOISELAW_2026_08_02
FHWA traffic noise,"Sound Law, Noise Regulation & Compliance","Sound Law — Standards, Laws & Instruments",U.S. Federal Highway Administration highway/traffic-noise assessment framework.,NEW,NOISELAW_2026_08_02
FAA aircraft noise,"Sound Law, Noise Regulation & Compliance","Sound Law — Standards, Laws & Instruments",U.S. Federal Aviation Administration aircraft-noise assessment framework.,NEW,NOISELAW_2026_08_02
NEPA noise assessment,"Sound Law, Noise Regulation & Compliance","Sound Law — Standards, Laws & Instruments",U.S. National Environmental Policy Act noise-impact assessment context.,NEW,NOISELAW_2026_08_02
Environmental Noise Directive,"Sound Law, Noise Regulation & Compliance","Sound Law — Standards, Laws & Instruments","EU directive requiring strategic noise maps and action plans; uses Lden/Lnight, agglomeration, major road/railway/airport, quiet area.",NEW,NOISELAW_2026_08_02
Directive 2003/10/EC,"Sound Law, Noise Regulation & Compliance","Sound Law — Standards, Laws & Instruments",EU physical-agents (noise) directive; exposure action values 80/85 dB and 87 dB exposure limit value.,NEW,NOISELAW_2026_08_02
Control of Noise at Work Regulations,"Sound Law, Noise Regulation & Compliance","Sound Law — Standards, Laws & Instruments",UK occupational-noise regulations; lower/upper exposure action values and exposure limit value.,NEW,NOISELAW_2026_08_02
Lower exposure action value,"Sound Law, Noise Regulation & Compliance","Sound Law — Standards, Laws & Instruments",UK/EU first exposure threshold; UK HSE lists 80 dB(A) / 135 dB(C) peak.,NEW,NOISELAW_2026_08_02
Upper exposure action value,"Sound Law, Noise Regulation & Compliance","Sound Law — Standards, Laws & Instruments",UK/EU second exposure threshold; UK HSE lists 85 dB(A) / 137 dB(C) peak.,NEW,NOISELAW_2026_08_02
Premises licence,"Sound Law, Noise Regulation & Compliance","Sound Law — Standards, Laws & Instruments",UK entertainment/venue licence that can carry sound conditions.,NEW,NOISELAW_2026_08_02
BS 4142,"Sound Law, Noise Regulation & Compliance","Sound Law — Standards, Laws & Instruments",UK standard for rating industrial/commercial sound affecting residential receivers (rating level).,NEW,NOISELAW_2026_08_02
Noise Council Code of Practice,"Sound Law, Noise Regulation & Compliance","Sound Law — Standards, Laws & Instruments",UK code of practice referenced for environmental/entertainment noise.,NEW,NOISELAW_2026_08_02
Code de la sante publique,"Sound Law, Noise Regulation & Compliance","Sound Law — Standards, Laws & Instruments","French public-health code governing amplified-sound venues (lieux diffusant des sons amplifies); LAeq,15min 102 dB(A) and LCeq,15min 118 dB(C).",NEW,NOISELAW_2026_08_02
Sound Levels and Laser Ordinance,"Sound Law, Noise Regulation & Compliance","Sound Law — Standards, Laws & Instruments","Swiss ordinance regulating amplified-sound events; LAeq,1h notification threshold and event categories.",NEW,NOISELAW_2026_08_02
DIN 15905-5,"Sound Law, Noise Regulation & Compliance","Sound Law — Standards, Laws & Instruments",German standard: measures to prevent audience hearing loss from electroacoustic systems; loudest-audience-area measurement.,NEW,NOISELAW_2026_08_02
TA Larm,"Sound Law, Noise Regulation & Compliance","Sound Law — Standards, Laws & Instruments",German technical instruction on noise protection / immission control (TA Larm).,NEW,NOISELAW_2026_08_02
BImSchG,"Sound Law, Noise Regulation & Compliance","Sound Law — Standards, Laws & Instruments",German Federal Immission Control Act (Bundes-Immissionsschutzgesetz).,NEW,NOISELAW_2026_08_02
WHS exposure standard for noise,"Sound Law, Noise Regulation & Compliance","Sound Law — Standards, Laws & Instruments","Australian Work Health and Safety exposure standard: LAeq,8h 85 dB(A) or LC,peak 140 dB(C).",NEW,NOISELAW_2026_08_02
AS/NZS 1269,"Sound Law, Noise Regulation & Compliance","Sound Law — Standards, Laws & Instruments",Australian/New Zealand occupational-noise-management standard series.,NEW,NOISELAW_2026_08_02
PCBU,"Sound Law, Noise Regulation & Compliance","Sound Law — Standards, Laws & Instruments",Australian WHS duty holder: Person Conducting a Business or Undertaking.,NEW,NOISELAW_2026_08_02
Liquor licence noise condition,"Sound Law, Noise Regulation & Compliance","Sound Law — Standards, Laws & Instruments",Australian/NSW liquor-licence sound condition (sound-level limits may remain under licensing).,NEW,NOISELAW_2026_08_02
Vibrancy Reforms,"Sound Law, Noise Regulation & Compliance","Sound Law — Standards, Laws & Instruments",NSW reforms (from 1 July 2024) changing some development-consent restrictions on live/amplified music.,NEW,NOISELAW_2026_08_02
Environmental Quality Standards for Noise,"Sound Law, Noise Regulation & Compliance","Sound Law — Standards, Laws & Instruments","Japan's environmental quality standards for noise; day/night categories, LAeq (e.g., 45 dB day / 40 dB night indoor for some residences).",NEW,NOISELAW_2026_08_02
Noise Regulation Law,"Sound Law, Noise Regulation & Compliance","Sound Law — Standards, Laws & Instruments","Japan's Noise Regulation Law covering factory, construction, and motor-vehicle noise.",NEW,NOISELAW_2026_08_02
Environmental Noise Regulations,"Sound Law, Noise Regulation & Compliance","Sound Law — Standards, Laws & Instruments",Ireland/EU-state regulations implementing the Environmental Noise Directive; noise maps and action plans every five years.,NEW,NOISELAW_2026_08_02
ISO 1996,"Sound Law, Noise Regulation & Compliance","Sound Law — Standards, Laws & Instruments","International standard: description, measurement, assessment of environmental noise (basic quantities, rating levels, community response).",NEW,NOISELAW_2026_08_02
ISO 1996-1,"Sound Law, Noise Regulation & Compliance","Sound Law — Standards, Laws & Instruments",ISO 1996 Part 1: basic quantities and assessment procedures.,NEW,NOISELAW_2026_08_02
ISO 1996-2,"Sound Law, Noise Regulation & Compliance","Sound Law — Standards, Laws & Instruments",ISO 1996 Part 2: determination of sound pressure levels.,NEW,NOISELAW_2026_08_02
ISO 12913,"Sound Law, Noise Regulation & Compliance","Sound Law — Standards, Laws & Instruments",International soundscape standard series (soundscape definition and data collection).,NEW,NOISELAW_2026_08_02
IEC 60942,"Sound Law, Noise Regulation & Compliance","Sound Law — Standards, Laws & Instruments",International standard for acoustic calibrators used to verify sound-level-meter sensitivity.,NEW,NOISELAW_2026_08_02
