topic,term,status,current_topics_if_exists
Hearing & Hearing Health,3 dB Exchange Rate,NEW,
Hearing & Hearing Health,5 dB Exchange Rate,NEW,
Hearing & Hearing Health,Acoustic Filter,NEW,
Hearing & Hearing Health,Acoustic shock,NEW,
Hearing & Hearing Health,Acoustic Trauma,NEW,
Hearing & Hearing Health,Action Level,NEW,
Hearing & Hearing Health,Administrative Controls,NEW,
Hearing & Hearing Health,Age-related hearing loss,NEW,
Hearing & Hearing Health,Air conduction,NEW,
Hearing & Hearing Health,Air-conduction audiometry,NEW,
Hearing & Hearing Health,Annual audiogram,NEW,
Hearing & Hearing Health,Asymmetrical hearing loss,NEW,
Hearing & Hearing Health,Audience Exposure Monitoring,NEW,
Hearing & Hearing Health,Audiogram,NEW,
Hearing & Hearing Health,Audiologist,NEW,
Hearing & Hearing Health,Audiology,NEW,
Hearing & Hearing Health,Audiometric zero,NEW,
Hearing & Hearing Health,Auditory adaptation,NEW,
Hearing & Hearing Health,Auditory cortex,NEW,
Hearing & Hearing Health,Auditory fatigue,NEW,
Hearing & Hearing Health,Auditory nerve,NEW,
Hearing & Hearing Health,Auditory pathway,NEW,
Hearing & Hearing Health,Auditory processing disorder,NEW,
Hearing & Hearing Health,Auditory System,NEW,
Hearing & Hearing Health,Aural fullness,NEW,
Hearing & Hearing Health,Baseline audiogram,NEW,
Hearing & Hearing Health,Basilar membrane,NEW,
Hearing & Hearing Health,Binaural hearing,NEW,
Hearing & Hearing Health,Bone conduction,NEW,
Hearing & Hearing Health,Bone-conduction audiometry,NEW,
Hearing & Hearing Health,Booth Monitor Management,NEW,
Hearing & Hearing Health,Cochlea,NEW,
Hearing & Hearing Health,Cochlear amplifier,NEW,
Hearing & Hearing Health,Conductive hearing loss,NEW,
Hearing & Hearing Health,Continuous Noise,NEW,
Hearing & Hearing Health,Crew Exposure Monitoring,NEW,
Hearing & Hearing Health,Criterion Level,NEW,
Hearing & Hearing Health,Cumulative Exposure,NEW,
Hearing & Hearing Health,Custom-Molded Earplug,NEW,
Hearing & Hearing Health,Daily Noise Dose,NEW,
Hearing & Hearing Health,dB HL,NEW,
Hearing & Hearing Health,dB SL (Sensation Level),NEW,
Hearing & Hearing Health,dB SPL,EXISTS,"Audio Measurement & Optimization, Signal Path & Levels, Sound & Acoustics"
Hearing & Hearing Health,Diplacusis,NEW,
Hearing & Hearing Health,Double Hearing Protection,NEW,
Hearing & Hearing Health,Dynamic auditory range,NEW,
Hearing & Hearing Health,Dynamic Compression (Biological),NEW,
Hearing & Hearing Health,Dynamic Range,EXISTS,"Audio Measurement & Optimization, Mastering, Mixers & Recorders, Mixing, Sound & Acoustics"
Hearing & Hearing Health,Dynamic Range of Hearing,NEW,
Hearing & Hearing Health,Ear,NEW,
Hearing & Hearing Health,Ear canal,NEW,
Hearing & Hearing Health,Ear fatigue,NEW,
Hearing & Hearing Health,Ear-canal occlusion,NEW,
Hearing & Hearing Health,Early Warning Symptoms,NEW,
Hearing & Hearing Health,Earmuff,NEW,
Hearing & Hearing Health,Earplug,NEW,
Hearing & Hearing Health,Earwax (Cerumen),NEW,
Hearing & Hearing Health,Engineering Controls,NEW,
Hearing & Hearing Health,Equivalent Continuous Sound Level (LAeq),NEW,
Hearing & Hearing Health,Exchange Rate,NEW,
Hearing & Hearing Health,Exposure Documentation,NEW,
Hearing & Hearing Health,Exposure Duration,NEW,
Hearing & Hearing Health,Fit Testing,NEW,
Hearing & Hearing Health,Foam Earplug,NEW,
Hearing & Hearing Health,Frequency Resolution,EXISTS,Audio Measurement & Optimization
Hearing & Hearing Health,Frequency Response of Human Hearing,NEW,
Hearing & Hearing Health,Frequency Selectivity,NEW,
Hearing & Hearing Health,Hair Cells,NEW,
Hearing & Hearing Health,Headphone Listening Safety,NEW,
Hearing & Hearing Health,Hearing,NEW,
Hearing & Hearing Health,Hearing Conservation,EXISTS,Sound & Acoustics
Hearing & Hearing Health,Hearing Conservation Program Audit,NEW,
Hearing & Hearing Health,Hearing Conservation Training,NEW,
Hearing & Hearing Health,Hearing Health Awareness,NEW,
Hearing & Hearing Health,Hearing Protection Device (HPD),NEW,
Hearing & Hearing Health,Hearing Protector Compatibility,NEW,
Hearing & Hearing Health,Hearing Screening,NEW,
Hearing & Hearing Health,Hearing threshold,NEW,
Hearing & Hearing Health,Hearing Threshold Shift,NEW,
Hearing & Hearing Health,Helmet-Mounted Hearing Protection,NEW,
Hearing & Hearing Health,Hidden hearing loss,NEW,
Hearing & Hearing Health,High-frequency hearing loss,NEW,
Hearing & Hearing Health,Hyperacusis,NEW,
Hearing & Hearing Health,Impact Noise,NEW,
Hearing & Hearing Health,Impulse Noise,NEW,
Hearing & Hearing Health,In-Ear Monitor (IEM) Safety,NEW,
Hearing & Hearing Health,Inner ear,NEW,
Hearing & Hearing Health,Inner hair cells,NEW,
Hearing & Hearing Health,Insertion Depth,NEW,
Hearing & Hearing Health,Intermittent Noise,NEW,
Hearing & Hearing Health,Listening discomfort,NEW,
Hearing & Hearing Health,Listening effort,NEW,
Hearing & Hearing Health,Listening fatigue,NEW,
Hearing & Hearing Health,Loudness recruitment,NEW,
Hearing & Hearing Health,Maximum Sound Level (Lmax),NEW,
Hearing & Hearing Health,Middle ear,NEW,
Hearing & Hearing Health,Mixed hearing loss,NEW,
Hearing & Hearing Health,Monaural hearing,NEW,
Hearing & Hearing Health,Most comfortable level (MCL),NEW,
Hearing & Hearing Health,Most Comfortable Listening Level (MCL),NEW,
Hearing & Hearing Health,Musician’s Earplug,NEW,
Hearing & Hearing Health,Noise Dose Meter (Dosimeter),NEW,
Hearing & Hearing Health,Noise Exposure,NEW,
Hearing & Hearing Health,Noise Reduction Rating (NRR),NEW,
Hearing & Hearing Health,Noise-induced hearing loss (NIHL),NEW,
Hearing & Hearing Health,Occlusion effect,NEW,
Hearing & Hearing Health,Occupational Noise Exposure,NEW,
Hearing & Hearing Health,Ossicles,NEW,
Hearing & Hearing Health,Otoacoustic emission,NEW,
Hearing & Hearing Health,Otoacoustic Emissions (OAEs),NEW,
Hearing & Hearing Health,Otolaryngologist,NEW,
Hearing & Hearing Health,Ototoxicity,NEW,
Hearing & Hearing Health,Outer ear,NEW,
Hearing & Hearing Health,Outer hair cells,NEW,
Hearing & Hearing Health,Overprotection,NEW,
Hearing & Hearing Health,Peak Sound Pressure Level (Peak SPL),NEW,
Hearing & Hearing Health,Permanent threshold shift (PTS),NEW,
Hearing & Hearing Health,Permissible Exposure Limit (PEL),NEW,
Hearing & Hearing Health,Personal Attenuation Rating (PAR),NEW,
Hearing & Hearing Health,Personal Listening Dose,NEW,
Hearing & Hearing Health,Personal Noise Dosimetry,NEW,
Hearing & Hearing Health,Pinna,NEW,
Hearing & Hearing Health,Premolded Earplug,NEW,
Hearing & Hearing Health,Presbycusis,NEW,
Hearing & Hearing Health,Protected Exposure Level,NEW,
Hearing & Hearing Health,Pure-tone audiometry,NEW,
Hearing & Hearing Health,Quiet Recovery Period,NEW,
Hearing & Hearing Health,Quiet Zone,NEW,
Hearing & Hearing Health,Recommended Exposure Limit (REL),NEW,
Hearing & Hearing Health,Recreational Noise Exposure,NEW,
Hearing & Hearing Health,Recruitment,NEW,
Hearing & Hearing Health,Safe Listening,NEW,
Hearing & Hearing Health,Safe Listening Features,NEW,
Hearing & Hearing Health,Safe Listening Level,NEW,
Hearing & Hearing Health,Seal Integrity,NEW,
Hearing & Hearing Health,Sensation level (dB SL),NEW,
Hearing & Hearing Health,Sensorineural hearing loss,NEW,
Hearing & Hearing Health,Single Number Rating (SNR),NEW,
Hearing & Hearing Health,Sound Exposure,NEW,
Hearing & Hearing Health,Sound Exposure Level (SEL),NEW,
Hearing & Hearing Health,Sound Level Logging,NEW,
Hearing & Hearing Health,Sound Level Meter (SLM),NEW,
Hearing & Hearing Health,Speech audiometry,NEW,
Hearing & Hearing Health,Speech reception threshold (SRT),NEW,
Hearing & Hearing Health,Speech-in-noise test,NEW,
Hearing & Hearing Health,Speech-in-Noise Testing,NEW,
Hearing & Hearing Health,Stage Noise Management,NEW,
Hearing & Hearing Health,Standard threshold shift (STS),NEW,
Hearing & Hearing Health,Sudden sensorineural hearing loss,NEW,
Hearing & Hearing Health,Temporary threshold shift (TTS),NEW,
Hearing & Hearing Health,Temporary tinnitus,NEW,
Hearing & Hearing Health,Threshold of audibility,NEW,
Hearing & Hearing Health,Threshold of Pain,EXISTS,Sound & Acoustics
Hearing & Hearing Health,Threshold shift,NEW,
Hearing & Hearing Health,Time-Weighted Average (TWA),EXISTS,Professional Audio Safety
Hearing & Hearing Health,Tinnitus,EXISTS,Sound & Acoustics
Hearing & Hearing Health,Tonotopic organization,NEW,
Hearing & Hearing Health,Tympanic membrane,NEW,
Hearing & Hearing Health,Uncomfortable loudness level (UCL/LDL),NEW,
Hearing & Hearing Health,Underprotection,NEW,
Hearing & Hearing Health,Volume Limiting,NEW,
Hearing & Hearing Health,Word-recognition score,NEW,
Psychoacoustics,Absolute threshold,NEW,
Psychoacoustics,Adaptation,NEW,
Psychoacoustics,Amplitude modulation,NEW,
Psychoacoustics,Anchoring,NEW,
Psychoacoustics,Anchoring Bias,NEW,
Psychoacoustics,Annoyance,NEW,
Psychoacoustics,Attack perception,NEW,
Psychoacoustics,Audibility margin,NEW,
Psychoacoustics,Auditory Accommodation,NEW,
Psychoacoustics,Auditory Apparent Motion,NEW,
Psychoacoustics,Auditory filter,NEW,
Psychoacoustics,Auditory Grouping,NEW,
Psychoacoustics,Auditory Illusion,NEW,
Psychoacoustics,Auditory Induction,NEW,
Psychoacoustics,Auditory masking,NEW,
Psychoacoustics,Auditory memory,NEW,
Psychoacoustics,Auditory object,NEW,
Psychoacoustics,Auditory Perception,NEW,
Psychoacoustics,Auditory Saltation,NEW,
Psychoacoustics,Auditory scene analysis,NEW,
Psychoacoustics,Backward masking,NEW,
Psychoacoustics,Beat perception,NEW,
Psychoacoustics,Beating,NEW,
Psychoacoustics,Binaural unmasking,NEW,
Psychoacoustics,Breathing,EXISTS,Dynamics Processing
Psychoacoustics,Cambiata Illusion,NEW,
Psychoacoustics,Change blindness in audio,NEW,
Psychoacoustics,Chromatic Illusion,NEW,
Psychoacoustics,Cocktail-party effect,EXISTS,Sound & Acoustics
Psychoacoustics,Combination tone,NEW,
Psychoacoustics,Confirmation bias,NEW,
Psychoacoustics,Context effect,NEW,
Psychoacoustics,Continuity Illusion,NEW,
Psychoacoustics,Continuity Through Masking,NEW,
Psychoacoustics,Crest perception,NEW,
Psychoacoustics,Critical band,EXISTS,Ear Training
Psychoacoustics,Critical Listening Training,NEW,
Psychoacoustics,Critical-band summation,NEW,
Psychoacoustics,Cross-Modal Perception,NEW,
Psychoacoustics,Decay perception,NEW,
Psychoacoustics,Difference limen,NEW,
Psychoacoustics,Difference Threshold,NEW,
Psychoacoustics,Difference tone,NEW,
Psychoacoustics,Divided Attention,NEW,
Psychoacoustics,Dynamic contrast,NEW,
Psychoacoustics,Echo threshold,NEW,
Psychoacoustics,Echoic Memory,NEW,
Psychoacoustics,Emotional Perception,NEW,
Psychoacoustics,Endless Scale Illusion,NEW,
Psychoacoustics,Energetic masking,NEW,
Psychoacoustics,Envelope,EXISTS,"Dynamics Processing, Synthesis"
Psychoacoustics,Equal-loudness contour,NEW,
Psychoacoustics,Equal-Loudness Contours,NEW,
Psychoacoustics,Equivalent rectangular bandwidth (ERB),NEW,
Psychoacoustics,Expectation bias,NEW,
Psychoacoustics,Fluctuation strength,NEW,
Psychoacoustics,Forward masking,NEW,
Psychoacoustics,Frequency modulation,NEW,
Psychoacoustics,Frequency Sensitivity,NEW,
Psychoacoustics,Frequency-dependent sensitivity,NEW,
Psychoacoustics,Fundamental frequency,NEW,
Psychoacoustics,Gap detection,NEW,
Psychoacoustics,Gap Transfer Illusion,NEW,
Psychoacoustics,Gestalt grouping,NEW,
Psychoacoustics,Gestalt Principles of Auditory Perception,NEW,
Psychoacoustics,Glissando Illusion,NEW,
Psychoacoustics,Haas effect,EXISTS,Reverb & Delay
Psychoacoustics,Habituation,NEW,
Psychoacoustics,Harmonic,EXISTS,"Ear Training, Sound & Acoustics"
Psychoacoustics,Illusory Continuity,NEW,
Psychoacoustics,Informational masking,NEW,
Psychoacoustics,Inharmonicity,NEW,
Psychoacoustics,Intonation,NEW,
Psychoacoustics,Just-noticeable difference (JND),NEW,
Psychoacoustics,Level-dependent frequency balance,NEW,
Psychoacoustics,Listening Comfort,NEW,
Psychoacoustics,Listening Context,NEW,
Psychoacoustics,Listening Preference,NEW,
Psychoacoustics,Loudness,EXISTS,"Audio Measurement & Optimization, Mastering, Signal Path & Levels, Sound & Acoustics"
Psychoacoustics,Loudness Perception,NEW,
Psychoacoustics,Macrodynamics,NEW,
Psychoacoustics,Maskee,NEW,
Psychoacoustics,Masker,NEW,
Psychoacoustics,Masking threshold,NEW,
Psychoacoustics,McGurk effect,NEW,
Psychoacoustics,Melody-Schema Illusion,NEW,
Psychoacoustics,Microdynamics,NEW,
Psychoacoustics,Microtiming,NEW,
Psychoacoustics,Missing fundamental,EXISTS,Sound & Acoustics
Psychoacoustics,Modulation detection,NEW,
Psychoacoustics,Multisensory Integration,NEW,
Psychoacoustics,Multisensory interaction,NEW,
Psychoacoustics,Musical interval perception,NEW,
Psychoacoustics,Musical Restoration,NEW,
Psychoacoustics,Neural Plasticity,NEW,
Psychoacoustics,Noise floor,EXISTS,"Assisted Listening Systems, Audio Measurement & Optimization, Room Acoustics, Signal Path & Levels, Sound & Acoustics"
Psychoacoustics,Octave equivalence,NEW,
Psychoacoustics,Octave Illusion,NEW,
Psychoacoustics,Onset perception,NEW,
Psychoacoustics,Order effect,NEW,
Psychoacoustics,Overtone,NEW,
Psychoacoustics,Perception,NEW,
Psychoacoustics,Perceptual Accuracy,NEW,
Psychoacoustics,Perceptual Coding,EXISTS,DAW Skills
Psychoacoustics,Perceptual Hearing,NEW,
Psychoacoustics,Perceptual Learning,NEW,
Psychoacoustics,Perceptual Threshold,NEW,
Psychoacoustics,Perceptual Transparency,NEW,
Psychoacoustics,Phantom Words,NEW,
Psychoacoustics,Phon,EXISTS,Sound & Acoustics
Psychoacoustics,Phonemic Restoration,NEW,
Psychoacoustics,Pitch,EXISTS,"Sound & Acoustics, Synthesis"
Psychoacoustics,Pitch acuity,NEW,
Psychoacoustics,Pitch Circularity,NEW,
Psychoacoustics,Pitch class,NEW,
Psychoacoustics,Pitch discrimination,NEW,
Psychoacoustics,Pitch drift,NEW,
Psychoacoustics,Pitch Perception,NEW,
Psychoacoustics,Pitch salience,NEW,
Psychoacoustics,Pleasantness,NEW,
Psychoacoustics,Precedence effect,EXISTS,"Audio Measurement & Optimization, Loudspeaker System Deployment, Reverb & Delay, Room Acoustics"
Psychoacoustics,Preference Bias,NEW,
Psychoacoustics,Psychoacoustic Optimization,NEW,
Psychoacoustics,Psychoacoustics,EXISTS,Sound & Acoustics
Psychoacoustics,Pumping,EXISTS,Dynamics Processing
Psychoacoustics,Recognition Memory,NEW,
Psychoacoustics,Residue pitch,NEW,
Psychoacoustics,Rhythmic entrainment,NEW,
Psychoacoustics,Room-noise criterion,NEW,
Psychoacoustics,Roughness,NEW,
Psychoacoustics,Scale Illusion,NEW,
Psychoacoustics,Selective Attention,NEW,
Psychoacoustics,Sensory Adaptation,NEW,
Psychoacoustics,Sharpness,NEW,
Psychoacoustics,Shepard Scale,NEW,
Psychoacoustics,Shepard Tone,NEW,
Psychoacoustics,Shepard–Risset Glissando,NEW,
Psychoacoustics,Signal-to-noise ratio (SNR),EXISTS,"Audio Measurement & Optimization, Signal Path & Levels, Troubleshooting"
Psychoacoustics,Simultaneous masking,NEW,
Psychoacoustics,Sone,NEW,
Psychoacoustics,Source Identification,NEW,
Psychoacoustics,Spatial Perception,NEW,
Psychoacoustics,Spatial release from masking,NEW,
Psychoacoustics,Spectral masking,NEW,
Psychoacoustics,Spectral Sensitivity,NEW,
Psychoacoustics,Speech-to-noise ratio,NEW,
Psychoacoustics,Stream segregation,NEW,
Psychoacoustics,Temperament,NEW,
Psychoacoustics,Tempo perception,NEW,
Psychoacoustics,Temporal Filling-In,NEW,
Psychoacoustics,Temporal integration,NEW,
Psychoacoustics,Temporal masking,NEW,
Psychoacoustics,Temporal Perception,NEW,
Psychoacoustics,Temporal resolution,NEW,
Psychoacoustics,Temporal smearing,NEW,
Psychoacoustics,Timbre,EXISTS,"Recording Arts, Sound & Acoustics, Synthesis"
Psychoacoustics,Timbre Perception,NEW,
Psychoacoustics,Tonality,NEW,
Psychoacoustics,Transient,EXISTS,"Dynamics Processing, Sampling, Sound & Acoustics"
Psychoacoustics,Tritone Paradox,NEW,
Psychoacoustics,Tuning reference,NEW,
Psychoacoustics,Upward spread of masking,NEW,
Psychoacoustics,Verbal Transformation Effect,NEW,
Psychoacoustics,Vibrato perception,NEW,
Psychoacoustics,Virtual Pitch,NEW,
Psychoacoustics,Visual Bias,NEW,
Psychoacoustics,Weber’s Law,NEW,
Critical Listening & Ear Training,A/B Comparison,EXISTS,Troubleshooting
Critical Listening & Ear Training,AB comparison,NEW,
Critical Listening & Ear Training,ABX test,NEW,
Critical Listening & Ear Training,ABX Testing,NEW,
Critical Listening & Ear Training,Acoustic Memory,NEW,
Critical Listening & Ear Training,Active Listening,EXISTS,Workplace Skills
Critical Listening & Ear Training,Air,EXISTS,Mastering
Critical Listening & Ear Training,Aliasing Recognition,NEW,
Critical Listening & Ear Training,Analytical listening,NEW,
Critical Listening & Ear Training,Anchor stimulus,NEW,
Critical Listening & Ear Training,Artifact Recognition,NEW,
Critical Listening & Ear Training,Attack,EXISTS,"Dynamics Processing, Synthesis"
Critical Listening & Ear Training,Auditory Discrimination,NEW,
Critical Listening & Ear Training,Balance,NEW,
Critical Listening & Ear Training,Blend,EXISTS,"Mixers & Recorders, Mixing"
Critical Listening & Ear Training,Blind Comparison,NEW,
Critical Listening & Ear Training,Blind listening test,NEW,
Critical Listening & Ear Training,Boominess,NEW,
Critical Listening & Ear Training,Boxiness,EXISTS,Ear Training
Critical Listening & Ear Training,Brightness,NEW,
Critical Listening & Ear Training,Buzz Identification,NEW,
Critical Listening & Ear Training,Causal listening,NEW,
Critical Listening & Ear Training,Chorus Recognition,NEW,
Critical Listening & Ear Training,Clarity,EXISTS,"Audio Measurement & Optimization, Room Acoustics, Sound & Acoustics"
Critical Listening & Ear Training,Click Detection,NEW,
Critical Listening & Ear Training,Clipping Recognition,NEW,
Critical Listening & Ear Training,Codec Artifact Recognition,NEW,
Critical Listening & Ear Training,Cohesion,NEW,
Critical Listening & Ear Training,Comparative Listening,NEW,
Critical Listening & Ear Training,Compression Recognition,NEW,
Critical Listening & Ear Training,Consumer Playback Evaluation,NEW,
Critical Listening & Ear Training,Context Listening,NEW,
Critical Listening & Ear Training,Continuing Ear Development,NEW,
Critical Listening & Ear Training,Controlled Listening Test,NEW,
Critical Listening & Ear Training,Critical Evaluation Workflow,NEW,
Critical Listening & Ear Training,Critical listening,EXISTS,"Mastering, Mixing"
Critical Listening & Ear Training,Critical Listening Discipline,NEW,
Critical Listening & Ear Training,Critical Listening Session,NEW,
Critical Listening & Ear Training,Decay,EXISTS,"Reverb & Delay, Room Acoustics, Sound & Acoustics, Synthesis"
Critical Listening & Ear Training,Definition,NEW,
Critical Listening & Ear Training,Delay Recognition,NEW,
Critical Listening & Ear Training,Density,EXISTS,Reverb & Delay
Critical Listening & Ear Training,Depth,EXISTS,Mixing
Critical Listening & Ear Training,Detail,NEW,
Critical Listening & Ear Training,Distortion Recognition,NEW,
Critical Listening & Ear Training,Dither Recognition,NEW,
Critical Listening & Ear Training,Double-Blind Listening Test,NEW,
Critical Listening & Ear Training,Double-blind test,NEW,
Critical Listening & Ear Training,Dropout Detection,NEW,
Critical Listening & Ear Training,Dynamic Memory,NEW,
Critical Listening & Ear Training,Dynamic Range Evaluation,NEW,
Critical Listening & Ear Training,Dynamics,NEW,
Critical Listening & Ear Training,Ear Calibration,NEW,
Critical Listening & Ear Training,Ear Fatigue Awareness,NEW,
Critical Listening & Ear Training,Ear Training,NEW,
Critical Listening & Ear Training,Envelopment,NEW,
Critical Listening & Ear Training,Equalization (EQ) Recognition,NEW,
Critical Listening & Ear Training,Evaluative listening,NEW,
Critical Listening & Ear Training,Expansion Recognition,NEW,
Critical Listening & Ear Training,Expert listener,NEW,
Critical Listening & Ear Training,Fatigue Management,NEW,
Critical Listening & Ear Training,Flanger Recognition,NEW,
Critical Listening & Ear Training,Focus,NEW,
Critical Listening & Ear Training,Frequency Balance,NEW,
Critical Listening & Ear Training,Frequency Band Training,NEW,
Critical Listening & Ear Training,Frequency Identification,NEW,
Critical Listening & Ear Training,Frequency Sweep Training,NEW,
Critical Listening & Ear Training,Fullness,NEW,
Critical Listening & Ear Training,Gate Recognition,NEW,
Critical Listening & Ear Training,Genre Familiarization,NEW,
Critical Listening & Ear Training,Harmonic Recognition,NEW,
Critical Listening & Ear Training,Harshness,EXISTS,Ear Training
Critical Listening & Ear Training,Headphone Evaluation,NEW,
Critical Listening & Ear Training,Height,NEW,
Critical Listening & Ear Training,Hidden reference,NEW,
Critical Listening & Ear Training,Honk,NEW,
Critical Listening & Ear Training,Hum Identification,NEW,
Critical Listening & Ear Training,Imaging Evaluation,NEW,
Critical Listening & Ear Training,Impact,NEW,
Critical Listening & Ear Training,Instrument Familiarization,NEW,
Critical Listening & Ear Training,Intelligibility,EXISTS,Assisted Listening Systems
Critical Listening & Ear Training,Level Discipline,NEW,
Critical Listening & Ear Training,Level matching,NEW,
Critical Listening & Ear Training,Lifelong Ear Training,NEW,
Critical Listening & Ear Training,Limiter Recognition,NEW,
Critical Listening & Ear Training,Listener Fatigue,NEW,
Critical Listening & Ear Training,Listener qualification,NEW,
Critical Listening & Ear Training,Listening Baseline,NEW,
Critical Listening & Ear Training,Listening Confidence,NEW,
Critical Listening & Ear Training,Listening Journal,NEW,
Critical Listening & Ear Training,Listening Log,NEW,
Critical Listening & Ear Training,Listening Objective,NEW,
Critical Listening & Ear Training,Listening panel,NEW,
Critical Listening & Ear Training,Listening Perspective,NEW,
Critical Listening & Ear Training,Listening Reference,NEW,
Critical Listening & Ear Training,Localization Accuracy,NEW,
Critical Listening & Ear Training,Loudness Bias,NEW,
Critical Listening & Ear Training,Loudspeaker Evaluation,NEW,
Critical Listening & Ear Training,Mix Translation,NEW,
Critical Listening & Ear Training,Mono Compatibility Check,NEW,
Critical Listening & Ear Training,Mono Compatibility Evaluation,NEW,
Critical Listening & Ear Training,Mud,EXISTS,Ear Training
Critical Listening & Ear Training,MUSHRA,NEW,
Critical Listening & Ear Training,Music Evaluation,NEW,
Critical Listening & Ear Training,Nasality,NEW,
Critical Listening & Ear Training,Naïve listener,NEW,
Critical Listening & Ear Training,Noise Recognition,NEW,
Critical Listening & Ear Training,Passive Listening,NEW,
Critical Listening & Ear Training,Perceptual Threshold Training,NEW,
Critical Listening & Ear Training,Phase Awareness,NEW,
Critical Listening & Ear Training,Phase Recognition,NEW,
Critical Listening & Ear Training,Phaser Recognition,NEW,
Critical Listening & Ear Training,Playback Translation,NEW,
Critical Listening & Ear Training,Polarity Recognition,NEW,
Critical Listening & Ear Training,Pop Detection,NEW,
Critical Listening & Ear Training,Practical significance,NEW,
Critical Listening & Ear Training,Preference test,NEW,
Critical Listening & Ear Training,Presence,EXISTS,Mastering
Critical Listening & Ear Training,Professional Listening Standards,NEW,
Critical Listening & Ear Training,Punch,NEW,
Critical Listening & Ear Training,Punch-through,NEW,
Critical Listening & Ear Training,Quantization Noise Recognition,NEW,
Critical Listening & Ear Training,Reduced listening,NEW,
Critical Listening & Ear Training,Reference Listening,NEW,
Critical Listening & Ear Training,Reference Listening Session,NEW,
Critical Listening & Ear Training,Reference signal,EXISTS,Audio Measurement & Optimization
Critical Listening & Ear Training,Reference track,EXISTS,"Mastering, Mixing, Project Management"
Critical Listening & Ear Training,Release,EXISTS,"Copyright, Dynamics Processing, Publishing & Licensing, Synthesis"
Critical Listening & Ear Training,Repeatability,NEW,
Critical Listening & Ear Training,Reproducibility,NEW,
Critical Listening & Ear Training,Resolution,NEW,
Critical Listening & Ear Training,Reverb Recognition,NEW,
Critical Listening & Ear Training,Room Evaluation,NEW,
Critical Listening & Ear Training,Self-Calibration,NEW,
Critical Listening & Ear Training,Semantic listening,NEW,
Critical Listening & Ear Training,Separation,NEW,
Critical Listening & Ear Training,Single-Variable Evaluation,NEW,
Critical Listening & Ear Training,Smearing,NEW,
Critical Listening & Ear Training,Solo Listening,NEW,
Critical Listening & Ear Training,Sonic Memory,NEW,
Critical Listening & Ear Training,Space,NEW,
Critical Listening & Ear Training,Spatial Memory,NEW,
Critical Listening & Ear Training,Spectral Balance,NEW,
Critical Listening & Ear Training,Speech Evaluation,NEW,
Critical Listening & Ear Training,Statistical significance,NEW,
Critical Listening & Ear Training,Stereo Image Evaluation,NEW,
Critical Listening & Ear Training,Stereo Imaging,NEW,
Critical Listening & Ear Training,Stereo Width Evaluation,NEW,
Critical Listening & Ear Training,Sustain,EXISTS,Synthesis
Critical Listening & Ear Training,System Evaluation,NEW,
Critical Listening & Ear Training,Thinness,NEW,
Critical Listening & Ear Training,Tonal Balance,EXISTS,Mastering
Critical Listening & Ear Training,Tonal Memory,NEW,
Critical Listening & Ear Training,Training trial,NEW,
Critical Listening & Ear Training,Transient Evaluation,NEW,
Critical Listening & Ear Training,Transient Response,EXISTS,"Audio Measurement & Optimization, Dynamics Processing, Recording Arts"
Critical Listening & Ear Training,Translation,EXISTS,"Film & Game Audio, Mastering, Mixing"
Critical Listening & Ear Training,Translation Evaluation,NEW,
Critical Listening & Ear Training,Transparency,NEW,
Critical Listening & Ear Training,Triangle test,NEW,
Critical Listening & Ear Training,Voice Familiarization,NEW,
Critical Listening & Ear Training,Warmth,EXISTS,Recording Arts
Critical Listening & Ear Training,Width,NEW,
Monitoring & Audio Evaluation,AB Test,NEW,
Monitoring & Audio Evaluation,Absolute Rating,NEW,
Monitoring & Audio Evaluation,Accuracy,NEW,
Monitoring & Audio Evaluation,Acoustic Reference Level,NEW,
Monitoring & Audio Evaluation,Acoustic Symmetry,NEW,
Monitoring & Audio Evaluation,AFL (After-Fader Listen),EXISTS,Mixers & Recorders
Monitoring & Audio Evaluation,Airiness,NEW,
Monitoring & Audio Evaluation,Alternate Monitor Check,NEW,
Monitoring & Audio Evaluation,Anchor Sample,NEW,
Monitoring & Audio Evaluation,Audio Monitoring,NEW,
Monitoring & Audio Evaluation,Audio Quality,NEW,
Monitoring & Audio Evaluation,Band-Limited Reference,NEW,
Monitoring & Audio Evaluation,Blind Evaluation,NEW,
Monitoring & Audio Evaluation,Calibration,EXISTS,"Audio Measurement & Optimization, Audio System Design, Loudspeaker System Deployment"
Monitoring & Audio Evaluation,Calibration Tone,EXISTS,Signal Path & Levels
Monitoring & Audio Evaluation,Channel Matching,NEW,
Monitoring & Audio Evaluation,Comparative Rating,NEW,
Monitoring & Audio Evaluation,Confidence Monitoring,NEW,
Monitoring & Audio Evaluation,Consumer Playback Check,NEW,
Monitoring & Audio Evaluation,Cross-Platform Translation,NEW,
Monitoring & Audio Evaluation,Cue Monitoring,NEW,
Monitoring & Audio Evaluation,Depth of Field,NEW,
Monitoring & Audio Evaluation,Detail Retrieval,NEW,
Monitoring & Audio Evaluation,Dim Function,NEW,
Monitoring & Audio Evaluation,Direct Monitoring,EXISTS,Recording Arts
Monitoring & Audio Evaluation,Discrimination Test,NEW,
Monitoring & Audio Evaluation,Double-Blind Evaluation,NEW,
Monitoring & Audio Evaluation,Dry Sound,NEW,
Monitoring & Audio Evaluation,Engagement,NEW,
Monitoring & Audio Evaluation,Farfield Monitoring,NEW,
Monitoring & Audio Evaluation,Fidelity,NEW,
Monitoring & Audio Evaluation,First Reflection Point,NEW,
Monitoring & Audio Evaluation,Graininess,NEW,
Monitoring & Audio Evaluation,Headphone Check,NEW,
Monitoring & Audio Evaluation,High-Level Spot Check,NEW,
Monitoring & Audio Evaluation,Imaging Accuracy,NEW,
Monitoring & Audio Evaluation,Imaging Precision,NEW,
Monitoring & Audio Evaluation,Inter-Listener Agreement,NEW,
Monitoring & Audio Evaluation,Intra-Listener Consistency,NEW,
Monitoring & Audio Evaluation,Level-Matched Comparison,NEW,
Monitoring & Audio Evaluation,Listener Preference,NEW,
Monitoring & Audio Evaluation,Listening Attribute,NEW,
Monitoring & Audio Evaluation,Listening Break,NEW,
Monitoring & Audio Evaluation,Listening Evaluation,NEW,
Monitoring & Audio Evaluation,Listening Fatigue Management,NEW,
Monitoring & Audio Evaluation,Listening Position,EXISTS,Consumer Audio Systems
Monitoring & Audio Evaluation,Listening Preference Test,NEW,
Monitoring & Audio Evaluation,Listening Triangle,NEW,
Monitoring & Audio Evaluation,Low-Latency Monitoring,NEW,
Monitoring & Audio Evaluation,Low-Level Monitoring,NEW,
Monitoring & Audio Evaluation,Main Monitor System,NEW,
Monitoring & Audio Evaluation,Midfield Monitoring,NEW,
Monitoring & Audio Evaluation,Moderate-Level Monitoring,NEW,
Monitoring & Audio Evaluation,Monitor Calibration,NEW,
Monitoring & Audio Evaluation,Monitor Controller,EXISTS,Recording Arts
Monitoring & Audio Evaluation,Monitor Gain Structure,NEW,
Monitoring & Audio Evaluation,Monitor Latency,NEW,
Monitoring & Audio Evaluation,Monitor Level,NEW,
Monitoring & Audio Evaluation,Monitor Mute,NEW,
Monitoring & Audio Evaluation,Monitor Neutrality,NEW,
Monitoring & Audio Evaluation,Monitor Translation,NEW,
Monitoring & Audio Evaluation,Monitor Transparency,NEW,
Monitoring & Audio Evaluation,Monitoring,EXISTS,Assisted Listening Systems
Monitoring & Audio Evaluation,Monitoring Accuracy,NEW,
Monitoring & Audio Evaluation,Monitoring Chain,NEW,
Monitoring & Audio Evaluation,Monitoring Consistency,NEW,
Monitoring & Audio Evaluation,Monitoring Delay,NEW,
Monitoring & Audio Evaluation,Monitoring Discipline,NEW,
Monitoring & Audio Evaluation,Monitoring Environment,NEW,
Monitoring & Audio Evaluation,Monitoring Workflow,NEW,
Monitoring & Audio Evaluation,Mono Reference Speaker,NEW,
Monitoring & Audio Evaluation,Musicality,NEW,
Monitoring & Audio Evaluation,Naturalness,NEW,
Monitoring & Audio Evaluation,Nearfield Monitoring,NEW,
Monitoring & Audio Evaluation,Neutrality,NEW,
Monitoring & Audio Evaluation,Objective Evaluation,NEW,
Monitoring & Audio Evaluation,Off-Air Monitoring,NEW,
Monitoring & Audio Evaluation,Openness,NEW,
Monitoring & Audio Evaluation,Perceived Quality,NEW,
Monitoring & Audio Evaluation,PFL (Pre-Fader Listen),EXISTS,"Analog Live Sound, Mixers & Recorders"
Monitoring & Audio Evaluation,Phantom Center Stability,NEW,
Monitoring & Audio Evaluation,Phase Coherency,NEW,
Monitoring & Audio Evaluation,Pink Noise Reference,NEW,
Monitoring & Audio Evaluation,Polarity Verification,NEW,
Monitoring & Audio Evaluation,Preference Consistency,NEW,
Monitoring & Audio Evaluation,Preference Ranking,NEW,
Monitoring & Audio Evaluation,Program Monitoring,NEW,
Monitoring & Audio Evaluation,Quality Rating Test,NEW,
Monitoring & Audio Evaluation,Reference Library,NEW,
Monitoring & Audio Evaluation,Reference Listening Level,NEW,
Monitoring & Audio Evaluation,Reference Monitor,EXISTS,Recording Arts
Monitoring & Audio Evaluation,Reference Monitoring,NEW,
Monitoring & Audio Evaluation,Reference Playback,NEW,
Monitoring & Audio Evaluation,Reference Reset,NEW,
Monitoring & Audio Evaluation,Reflection Control,NEW,
Monitoring & Audio Evaluation,Secondary Monitor,NEW,
Monitoring & Audio Evaluation,Slam,NEW,
Monitoring & Audio Evaluation,Small Speaker Check,NEW,
Monitoring & Audio Evaluation,Smoothness,NEW,
Monitoring & Audio Evaluation,Solo Monitoring,NEW,
Monitoring & Audio Evaluation,Sound Quality,NEW,
Monitoring & Audio Evaluation,Soundstage,EXISTS,Consumer Audio Systems
Monitoring & Audio Evaluation,Soundstage Depth,NEW,
Monitoring & Audio Evaluation,Soundstage Height,NEW,
Monitoring & Audio Evaluation,Soundstage Width,NEW,
Monitoring & Audio Evaluation,Speaker Geometry,NEW,
Monitoring & Audio Evaluation,Speed,NEW,
Monitoring & Audio Evaluation,Stereo Balance,NEW,
Monitoring & Audio Evaluation,Studio Monitor,EXISTS,Amps & Loudspeakers
Monitoring & Audio Evaluation,Subjective Audio Evaluation,NEW,
Monitoring & Audio Evaluation,Subjective Evaluation,NEW,
Monitoring & Audio Evaluation,Symmetrical Listening Position,NEW,
Monitoring & Audio Evaluation,Test Signal,NEW,
Monitoring & Audio Evaluation,Texture,NEW,
Monitoring & Audio Evaluation,Trained Listener,NEW,
Monitoring & Audio Evaluation,Translation Verification,NEW,
Monitoring & Audio Evaluation,Wet Sound,NEW,
Spatial Hearing & Localization,Acoustic Perspective,NEW,
Spatial Hearing & Localization,Ambisonics,NEW,
Spatial Hearing & Localization,Apparent source width (ASW),NEW,
Spatial Hearing & Localization,Auditory Localization,NEW,
Spatial Hearing & Localization,Auditory perspective,NEW,
Spatial Hearing & Localization,Azimuth,NEW,
Spatial Hearing & Localization,Binaural Recording,EXISTS,"Film & Game Audio, Microphones, Recording Arts"
Spatial Hearing & Localization,Binaural reproduction,NEW,
Spatial Hearing & Localization,Center Image Collapse,NEW,
Spatial Hearing & Localization,Channel-Based Audio,NEW,
Spatial Hearing & Localization,Cone of Confusion,NEW,
Spatial Hearing & Localization,Coverage Pattern,NEW,
Spatial Hearing & Localization,Crosstalk,EXISTS,"Audio Measurement & Optimization, Connectors & I/O Connections, Signal Path & Levels, Troubleshooting"
Spatial Hearing & Localization,Crosstalk Cancellation,NEW,
Spatial Hearing & Localization,Depth Perception,NEW,
Spatial Hearing & Localization,Distance perception,NEW,
Spatial Hearing & Localization,Doppler Effect,EXISTS,Sound & Acoustics
Spatial Hearing & Localization,Dummy Head Recording,NEW,
Spatial Hearing & Localization,Dynamic Localization,NEW,
Spatial Hearing & Localization,Early Reflections,NEW,
Spatial Hearing & Localization,Elevation,NEW,
Spatial Hearing & Localization,Elevation Angle,NEW,
Spatial Hearing & Localization,Elevation Perception,NEW,
Spatial Hearing & Localization,Externalization,NEW,
Spatial Hearing & Localization,Front–back confusion,NEW,
Spatial Hearing & Localization,Fusion Zone,NEW,
Spatial Hearing & Localization,Head Rotation Compensation,NEW,
Spatial Hearing & Localization,Head Shadow Effect,NEW,
Spatial Hearing & Localization,Head tracking,NEW,
Spatial Hearing & Localization,Head-related impulse response (HRIR),NEW,
Spatial Hearing & Localization,Head-related transfer function (HRTF),NEW,
Spatial Hearing & Localization,Horizontal Localization,NEW,
Spatial Hearing & Localization,Horizontal Plane,NEW,
Spatial Hearing & Localization,Image shift,NEW,
Spatial Hearing & Localization,Image stability,NEW,
Spatial Hearing & Localization,Immersion,NEW,
Spatial Hearing & Localization,Immersive Audio,EXISTS,Film & Game Audio
Spatial Hearing & Localization,In-head localization,NEW,
Spatial Hearing & Localization,Interaural cross-correlation (IACC),NEW,
Spatial Hearing & Localization,Interaural level difference (ILD),EXISTS,Sound & Acoustics
Spatial Hearing & Localization,Interaural Phase Difference (IPD),NEW,
Spatial Hearing & Localization,Interaural time difference (ITD),EXISTS,Sound & Acoustics
Spatial Hearing & Localization,Internalization,NEW,
Spatial Hearing & Localization,Late Reflections,NEW,
Spatial Hearing & Localization,Listener envelopment (LEV),NEW,
Spatial Hearing & Localization,Listening Window,NEW,
Spatial Hearing & Localization,Localization blur,NEW,
Spatial Hearing & Localization,Localization Cue,NEW,
Spatial Hearing & Localization,Localization Dominance,NEW,
Spatial Hearing & Localization,Localization Error,NEW,
Spatial Hearing & Localization,Median plane,NEW,
Spatial Hearing & Localization,Monaural Localization,NEW,
Spatial Hearing & Localization,Monaural spectral cue,NEW,
Spatial Hearing & Localization,Motion parallax,NEW,
Spatial Hearing & Localization,Motion Tracking,NEW,
Spatial Hearing & Localization,Object-Based Audio,EXISTS,"Amps & Loudspeakers, Film & Game Audio"
Spatial Hearing & Localization,Off-Axis Listening,NEW,
Spatial Hearing & Localization,Phantom center,EXISTS,Recording Arts
Spatial Hearing & Localization,Phantom Image,NEW,
Spatial Hearing & Localization,Pinna Cues,NEW,
Spatial Hearing & Localization,Reverberation Field,NEW,
Spatial Hearing & Localization,Sagittal Plane,NEW,
Spatial Hearing & Localization,Sound localization,EXISTS,Sound & Acoustics
Spatial Hearing & Localization,Source Distance Cue,NEW,
Spatial Hearing & Localization,Source Motion Perception,NEW,
Spatial Hearing & Localization,Spaciousness,NEW,
Spatial Hearing & Localization,Spatial Audio,EXISTS,"Amps & Loudspeakers, Film & Game Audio"
Spatial Hearing & Localization,Spatial Coherence,NEW,
Spatial Hearing & Localization,Spatial Hearing,NEW,
Spatial Hearing & Localization,Spatial Resolution,NEW,
Spatial Hearing & Localization,Spatial Translation,NEW,
Spatial Hearing & Localization,Spectral Localization,NEW,
Spatial Hearing & Localization,Stereo Depth,NEW,
Spatial Hearing & Localization,Stereo Height,NEW,
Spatial Hearing & Localization,Stereo image,EXISTS,"Mastering, Mixers & Recorders, Mixing"
Spatial Hearing & Localization,Stereo Width,EXISTS,"Mixing, Recording Arts"
Spatial Hearing & Localization,Sweet spot,EXISTS,"Amps & Loudspeakers, Audio Measurement & Optimization, Sound & Acoustics"
Spatial Hearing & Localization,Transaural reproduction,NEW,
Spatial Hearing & Localization,Vertical Localization,NEW,
Spatial Hearing & Localization,Virtual Surround,NEW,
Speech Intelligibility,Acoustic Feedback,NEW,
Speech Intelligibility,Affricates,NEW,
Speech Intelligibility,Announcement Intelligibility,NEW,
Speech Intelligibility,Articulation,EXISTS,Plugins & Virtual Instruments
Speech Intelligibility,Articulation loss of consonants (%ALcons),NEW,
Speech Intelligibility,Audibility,NEW,
Speech Intelligibility,Audio description,NEW,
Speech Intelligibility,Auditory Attention,NEW,
Speech Intelligibility,Auditory-visual synchronization,NEW,
Speech Intelligibility,Captioning,NEW,
Speech Intelligibility,Center-channel dialogue anchoring,NEW,
Speech Intelligibility,CIS (Common Intelligibility Scale),EXISTS,"Audio Measurement & Optimization, Documentation & Diagrams"
Speech Intelligibility,Clarity Index (C50),NEW,
Speech Intelligibility,Cognitive Load,NEW,
Speech Intelligibility,Consonant intelligibility,NEW,
Speech Intelligibility,Coverage Uniformity,NEW,
Speech Intelligibility,Critical distance,EXISTS,"Recording Arts, Room Acoustics, Sound & Acoustics"
Speech Intelligibility,Delay Speaker,NEW,
Speech Intelligibility,Dialogue intelligibility,EXISTS,Film & Game Audio
Speech Intelligibility,Dialogue-to-background balance,NEW,
Speech Intelligibility,Dialogue-to-Background Ratio,NEW,
Speech Intelligibility,Diction,NEW,
Speech Intelligibility,Direct Sound,EXISTS,"Recording Arts, Room Acoustics, Sound & Acoustics"
Speech Intelligibility,Direct-to-reverberant ratio,EXISTS,Reverb & Delay
Speech Intelligibility,Distributed Loudspeaker System,NEW,
Speech Intelligibility,Early Decay Time (EDT),EXISTS,Room Acoustics
Speech Intelligibility,Early-to-late energy ratio,NEW,
Speech Intelligibility,Echo,EXISTS,"DAW Skills, Reverb & Delay, Sound & Acoustics"
Speech Intelligibility,Emergency Voice Communication,NEW,
Speech Intelligibility,Enunciation,NEW,
Speech Intelligibility,Flutter Echo,EXISTS,"Ear Training, Room Acoustics, Sound & Acoustics, Troubleshooting"
Speech Intelligibility,Formant,NEW,
Speech Intelligibility,Fricatives,NEW,
Speech Intelligibility,Front Fill,EXISTS,Loudspeaker System Deployment
Speech Intelligibility,Gain before feedback,EXISTS,"Audio Measurement & Optimization, Troubleshooting"
Speech Intelligibility,Lip-sync error,NEW,
Speech Intelligibility,Listener Effort,NEW,
Speech Intelligibility,Lombard effect,NEW,
Speech Intelligibility,Loudspeaker Directivity,NEW,
Speech Intelligibility,Masking,EXISTS,"Mixing, Sound & Acoustics"
Speech Intelligibility,Microphone-to-Talker Distance,NEW,
Speech Intelligibility,Off-Axis Speech Pickup,NEW,
Speech Intelligibility,Paging System,EXISTS,"Audio System Design, Commercial Audio Systems"
Speech Intelligibility,Pausing,NEW,
Speech Intelligibility,Phoneme,NEW,
Speech Intelligibility,Plosives,NEW,
Speech Intelligibility,Presence Region,EXISTS,Ear Training
Speech Intelligibility,Public Address (PA) Speech Reinforcement,NEW,
Speech Intelligibility,Reflected Sound,EXISTS,Recording Arts
Speech Intelligibility,Reverberant masking,NEW,
Speech Intelligibility,Reverberation Time (RT60),EXISTS,"Audio Measurement & Optimization, Reverb & Delay, Room Acoustics"
Speech Intelligibility,Sibilance,EXISTS,"Dynamics Processing, Microphones, Mixing, Recording Arts"
Speech Intelligibility,Signal-to-Masker Ratio,NEW,
Speech Intelligibility,Speech clarity,NEW,
Speech Intelligibility,Speech Discrimination,NEW,
Speech Intelligibility,Speech Equalization,NEW,
Speech Intelligibility,Speech intelligibility,EXISTS,"Commercial Audio Systems, Room Acoustics, Sound & Acoustics"
Speech Intelligibility,Speech Optimization,NEW,
Speech Intelligibility,Speech Perception,NEW,
Speech Intelligibility,Speech Rate,NEW,
Speech Intelligibility,Speech Recognition,NEW,
Speech Intelligibility,Speech reinforcement,EXISTS,Assisted Listening Systems
Speech Intelligibility,Speech Spectrum,NEW,
Speech Intelligibility,Speech transmission index (STI),NEW,
Speech Intelligibility,Speech-in-Noise Performance,NEW,
Speech Intelligibility,STIPA,EXISTS,Audio Measurement & Optimization
Speech Intelligibility,Talker-to-microphone distance,NEW,
Speech Intelligibility,Under-Balcony Fill,NEW,
Speech Intelligibility,Vocal effort,NEW,
Speech Intelligibility,Vocal Fundamentals,NEW,
Speech Intelligibility,Vocal Harmonics,NEW,
Speech Intelligibility,Vocal Projection,NEW,
Speech Intelligibility,Voice Alarm System,NEW,
Speech Intelligibility,Voice Lift System,NEW,
Speech Intelligibility,Vowel audibility,NEW,
Speech Intelligibility,Vowel Intelligibility,NEW,
Loudness & Listening Level,Acoustic Calibration,NEW,
Loudness & Listening Level,Amplification,NEW,
Loudness & Listening Level,Attenuation,NEW,
Loudness & Listening Level,Audience Exposure Level,NEW,
Loudness & Listening Level,Audience Listening Level,NEW,
Loudness & Listening Level,Automatic Gain Control (AGC),EXISTS,Dynamics Processing
Loudness & Listening Level,Automatic Level Control (ALC),NEW,
Loudness & Listening Level,Average Level,NEW,
Loudness & Listening Level,Calibration Signal,NEW,
Loudness & Listening Level,Clipping,EXISTS,"Mastering, Mixers & Recorders, Mixing, Signal Path & Levels"
Loudness & Listening Level,Comfortable Listening Level,NEW,
Loudness & Listening Level,Compression,EXISTS,Sound & Acoustics
Loudness & Listening Level,Crest Factor,EXISTS,"Dynamics Processing, Mastering, Mixing, Recording Arts, Signal Path & Levels"
Loudness & Listening Level,Critical Listening Level,NEW,
Loudness & Listening Level,Dialogue Anchor,NEW,
Loudness & Listening Level,Dialogue Loudness,NEW,
Loudness & Listening Level,Expansion,NEW,
Loudness & Listening Level,Fletcher–Munson Effect,NEW,
Loudness & Listening Level,Front-of-House Listening Level,NEW,
Loudness & Listening Level,Gain Control,NEW,
Loudness & Listening Level,Gain Staging,EXISTS,"DAW Skills, Mixing, Recording Arts, Signal Path & Levels, Troubleshooting"
Loudness & Listening Level,Headroom,EXISTS,"Mastering, Mixers & Recorders, Mixing, Signal Path & Levels, Troubleshooting"
Loudness & Listening Level,Integrated Loudness,EXISTS,"Audio Measurement & Optimization, Podcasting & Broadcast Audio"
Loudness & Listening Level,Intersample Peak,NEW,
Loudness & Listening Level,Level Translation,NEW,
Loudness & Listening Level,Limiting,EXISTS,Mastering
Loudness & Listening Level,Listener Comfort Range,NEW,
Loudness & Listening Level,Listening Dose,NEW,
Loudness & Listening Level,Listening Level,NEW,
Loudness & Listening Level,Listening Level Optimization,NEW,
Loudness & Listening Level,Listening Margin,NEW,
Loudness & Listening Level,Loud Listening,NEW,
Loudness & Listening Level,Loudness Adaptation,NEW,
Loudness & Listening Level,Loudness Compensation,NEW,
Loudness & Listening Level,Loudness Compliance,NEW,
Loudness & Listening Level,Loudness Consistency,NEW,
Loudness & Listening Level,Loudness Fatigue,NEW,
Loudness & Listening Level,Loudness Growth,NEW,
Loudness & Listening Level,Loudness Management,NEW,
Loudness & Listening Level,Loudness Meter,EXISTS,"Audio Measurement & Optimization, Mixing, Sound & Acoustics"
Loudness & Listening Level,Loudness Normalization Target,NEW,
Loudness & Listening Level,Loudness Range (LRA),NEW,
Loudness & Listening Level,Loudness Unit (LU),NEW,
Loudness & Listening Level,Loudness Units Relative to Full Scale (LUFS),NEW,
Loudness & Listening Level,Meter Ballistics,EXISTS,Signal Path & Levels
Loudness & Listening Level,Meter Integration Time,NEW,
Loudness & Listening Level,Moderate Listening Level,NEW,
Loudness & Listening Level,Momentary Loudness,NEW,
Loudness & Listening Level,Monitor Calibration Level,NEW,
Loudness & Listening Level,Peak Level,EXISTS,"Dynamics Processing, Mixers & Recorders, Mixing, Signal Path & Levels, Troubleshooting"
Loudness & Listening Level,Peak Meter,NEW,
Loudness & Listening Level,Peak Normalization,NEW,
Loudness & Listening Level,Perceived Volume,NEW,
Loudness & Listening Level,Playback Level,NEW,
Loudness & Listening Level,PPM (Peak Programme Meter),EXISTS,"Audio Measurement & Optimization, Podcasting & Broadcast Audio"
Loudness & Listening Level,Program Loudness,NEW,
Loudness & Listening Level,Quiet Listening,NEW,
Loudness & Listening Level,Reference Pink Noise Level,NEW,
Loudness & Listening Level,ReplayGain,NEW,
Loudness & Listening Level,RMS Level,NEW,
Loudness & Listening Level,RMS Meter,NEW,
Loudness & Listening Level,Short-Term Loudness,NEW,
Loudness & Listening Level,Sound Pressure Level (SPL),NEW,
Loudness & Listening Level,True Peak,EXISTS,"Audio Measurement & Optimization, Mastering, Podcasting & Broadcast Audio, Signal Path & Levels"
Loudness & Listening Level,Volume Control,NEW,
Loudness & Listening Level,Volume Normalization,NEW,
Loudness & Listening Level,Volume Preference,NEW,
Loudness & Listening Level,VU Meter,EXISTS,"Audio Measurement & Optimization, Mixers & Recorders, Mixing, Signal Path & Levels"
Listening Environments & Audience Experience,Acoustic Comfort,NEW,
Listening Environments & Audience Experience,Acoustic Dead Zone,NEW,
Listening Environments & Audience Experience,Acoustic Hot Spot,NEW,
Listening Environments & Audience Experience,Adaptive Listening Environment,NEW,
Listening Environments & Audience Experience,Ambient Noise,EXISTS,"Room Acoustics, Sound & Acoustics"
Listening Environments & Audience Experience,Audience Absorption,EXISTS,Room Acoustics
Listening Environments & Audience Experience,Audience Accessibility,NEW,
Listening Environments & Audience Experience,Audience Area,NEW,
Listening Environments & Audience Experience,Audience Coverage,NEW,
Listening Environments & Audience Experience,Audience Density,NEW,
Listening Environments & Audience Experience,Audience Expectation,NEW,
Listening Environments & Audience Experience,Audience Experience,EXISTS,Film & Game Audio
Listening Environments & Audience Experience,Audience Experience Optimization,NEW,
Listening Environments & Audience Experience,Audience Intelligibility,NEW,
Listening Environments & Audience Experience,Audience Perspective,NEW,
Listening Environments & Audience Experience,Background Music Environment,NEW,
Listening Environments & Audience Experience,Background Noise Floor,NEW,
Listening Environments & Audience Experience,Balcony Listening,NEW,
Listening Environments & Audience Experience,Casual Listening Environment,NEW,
Listening Environments & Audience Experience,Critical Listening Environment,NEW,
Listening Environments & Audience Experience,Empty Room Response,NEW,
Listening Environments & Audience Experience,Environmental Adaptation,NEW,
Listening Environments & Audience Experience,Environmental Noise,NEW,
Listening Environments & Audience Experience,Environmental Translation,NEW,
Listening Environments & Audience Experience,Farfield Listening,NEW,
Listening Environments & Audience Experience,Foreground Listening Environment,NEW,
Listening Environments & Audience Experience,Front Row Experience,NEW,
Listening Environments & Audience Experience,HVAC Noise,EXISTS,"Audio Measurement & Optimization, Documentation & Diagrams, Room Acoustics"
Listening Environments & Audience Experience,Intimacy,NEW,
Listening Environments & Audience Experience,Listener Height,NEW,
Listening Environments & Audience Experience,Listener Satisfaction,NEW,
Listening Environments & Audience Experience,Listening Area,NEW,
Listening Environments & Audience Experience,Listening Consistency,NEW,
Listening Environments & Audience Experience,Listening Distance,NEW,
Listening Environments & Audience Experience,Listening Engagement,NEW,
Listening Environments & Audience Experience,Listening Environment,NEW,
Listening Environments & Audience Experience,Listening Quality Assessment,NEW,
Listening Environments & Audience Experience,Midfield Listening,NEW,
Listening Environments & Audience Experience,Multi-Purpose Space,NEW,
Listening Environments & Audience Experience,Nearfield Listening,NEW,
Listening Environments & Audience Experience,Noise Intrusion,NEW,
Listening Environments & Audience Experience,Occupancy Noise,NEW,
Listening Environments & Audience Experience,Occupied Room Response,NEW,
Listening Environments & Audience Experience,On-Axis Listening,NEW,
Listening Environments & Audience Experience,Perceived Audio Quality,NEW,
Listening Environments & Audience Experience,Personal Listening Space,NEW,
Listening Environments & Audience Experience,Preferred Listening Level,NEW,
Listening Environments & Audience Experience,Primary Listening Position (PLP),NEW,
Listening Environments & Audience Experience,Rear Seating Experience,NEW,
Listening Environments & Audience Experience,Reverberant Field,EXISTS,"Reverb & Delay, Room Acoustics"
Listening Environments & Audience Experience,Room Ambience,NEW,
Listening Environments & Audience Experience,Seat-to-Seat Consistency,NEW,
Listening Environments & Audience Experience,Seated Listener,NEW,
Listening Environments & Audience Experience,Shadow Zone,NEW,
Listening Environments & Audience Experience,Shared Listening Environment,NEW,
Listening Environments & Audience Experience,Sound Privacy,NEW,
Listening Environments & Audience Experience,Speech Privacy,EXISTS,Commercial Audio Systems
Listening Environments & Audience Experience,Standing Listener,NEW,
Listening Environments & Audience Experience,Traffic Noise,NEW,
Listening Environments & Audience Experience,Under-Balcony Listening,NEW,
Music Perception,Absolute Pitch,NEW,
Music Perception,Audiation,NEW,
Music Perception,Beat Induction,NEW,
Music Perception,Beat Perception,NEW,
Music Perception,Beat Salience,NEW,
Music Perception,Beat Tracking,NEW,
Music Perception,Cadence Perception,NEW,
Music Perception,Chord Inversion Perception,NEW,
Music Perception,Chord Perception,NEW,
Music Perception,Chord Quality,NEW,
Music Perception,Chord Root Perception,NEW,
Music Perception,Chordal Roughness,NEW,
Music Perception,Compound Meter,NEW,
Music Perception,Contour Preservation,NEW,
Music Perception,Duple Meter,NEW,
Music Perception,Entrainment,NEW,
Music Perception,Groove Perception,NEW,
Music Perception,Harmonic Expectation,NEW,
Music Perception,Harmonic Function,NEW,
Music Perception,Harmonic Fusion,NEW,
Music Perception,Harmonic Progression,NEW,
Music Perception,Harmonic Resolution,NEW,
Music Perception,Harmonicity,NEW,
Music Perception,Harmony Perception,NEW,
Music Perception,Instrument Recognition,NEW,
Music Perception,Intonation Perception,NEW,
Music Perception,Key Perception,NEW,
Music Perception,Melodic Completion,NEW,
Music Perception,Melodic Contour,NEW,
Music Perception,Melodic Expectation,NEW,
Music Perception,Melodic Interval,NEW,
Music Perception,Melody Perception,NEW,
Music Perception,Meter Perception,NEW,
Music Perception,Metrical Accent,NEW,
Music Perception,Metrical Hierarchy,NEW,
Music Perception,Microtiming,NEW,
Music Perception,Motif Recognition,NEW,
Music Perception,Music Perception,NEW,
Music Perception,Musical Consonance,NEW,
Music Perception,Musical Dissonance,NEW,
Music Perception,Musical Expectancy,NEW,
Music Perception,Musical Form Perception,NEW,
Music Perception,Musical Imagery,NEW,
Music Perception,Musical Memory,NEW,
Music Perception,Musical Schema,NEW,
Music Perception,Musical Surprise,NEW,
Music Perception,Musical Syntax,NEW,
Music Perception,Octave Equivalence,NEW,
Music Perception,Phrase Perception,NEW,
Music Perception,Pitch Chroma,NEW,
Music Perception,Pitch Height,NEW,
Music Perception,Pitch-Class Perception,NEW,
Music Perception,Polyphonic Listening,NEW,
Music Perception,Polyrhythm Perception,NEW,
Music Perception,Pulse,NEW,
Music Perception,Relative Pitch,NEW,
Music Perception,Repetition Recognition,NEW,
Music Perception,Rhythmic Grouping,NEW,
Music Perception,Scale-Degree Perception,NEW,
Music Perception,Sensory Consonance,NEW,
Music Perception,Source–Instrument Segregation,NEW,
Music Perception,Statistical Learning in Music,NEW,
Music Perception,Stream Integration,NEW,
Music Perception,Structural Hearing,NEW,
Music Perception,Subjective Tempo,NEW,
Music Perception,Syncopation,NEW,
Music Perception,Tactus,NEW,
Music Perception,Tempo Perception,NEW,
Music Perception,Theme Recognition,NEW,
Music Perception,Tonal Center,NEW,
Music Perception,Tonal Closure,NEW,
Music Perception,Tonal Consonance,NEW,
Music Perception,Tonal Expectation,NEW,
Music Perception,Tonal Hierarchy,NEW,
Music Perception,Tonal Resolution,NEW,
Music Perception,Tonal Tension,NEW,
Music Perception,Transposition Recognition,NEW,
Music Perception,Triple Meter,NEW,
Music Perception,Tuning-System Perception,NEW,
Music Perception,Voice Leading Perception,NEW,
Voice & Vocal Perception,Amplification as Vocal Conservation,NEW,
Voice & Vocal Perception,Breathiness,NEW,
Voice & Vocal Perception,Chest Voice,NEW,
Voice & Vocal Perception,Falsetto,NEW,
Voice & Vocal Perception,First Formant (F1),NEW,
Voice & Vocal Perception,Foldback-Induced Strain,NEW,
Voice & Vocal Perception,Formant Pattern,NEW,
Voice & Vocal Perception,Formant Transition,NEW,
Voice & Vocal Perception,Fundamental Frequency of Voice,NEW,
Voice & Vocal Perception,Harmonic Structure of Voice,NEW,
Voice & Vocal Perception,Head Voice,NEW,
Voice & Vocal Perception,Higher Formants,NEW,
Voice & Vocal Perception,Hoarseness,NEW,
Voice & Vocal Perception,Lombard Response,NEW,
Voice & Vocal Perception,Mixed Voice,NEW,
Voice & Vocal Perception,Modal Register,NEW,
Voice & Vocal Perception,Nasal Resonance,NEW,
Voice & Vocal Perception,Passaggio,NEW,
Voice & Vocal Perception,Prosody,NEW,
Voice & Vocal Perception,Register Transition,NEW,
Voice & Vocal Perception,Resonant Voice,NEW,
Voice & Vocal Perception,Roughness,NEW,
Voice & Vocal Perception,Second Formant (F2),NEW,
Voice & Vocal Perception,Sidetone,NEW,
Voice & Vocal Perception,Singer’s Formant,NEW,
Voice & Vocal Perception,Source–Filter Theory,NEW,
Voice & Vocal Perception,Speaker Identification,NEW,
Voice & Vocal Perception,Spectral Tilt,NEW,
Voice & Vocal Perception,Strained Voice,NEW,
Voice & Vocal Perception,Tessitura,NEW,
Voice & Vocal Perception,Tremolo,EXISTS,Reverb & Delay
Voice & Vocal Perception,Vibrato,EXISTS,Reverb & Delay
Voice & Vocal Perception,Vocal Age Perception,NEW,
Voice & Vocal Perception,Vocal Authenticity,NEW,
Voice & Vocal Perception,Vocal Break,NEW,
Voice & Vocal Perception,Vocal Clarity,NEW,
Voice & Vocal Perception,Vocal Effort,NEW,
Voice & Vocal Perception,Vocal Expression,NEW,
Voice & Vocal Perception,Vocal Fatigue,NEW,
Voice & Vocal Perception,Vocal Formant,NEW,
Voice & Vocal Perception,Vocal Fry,NEW,
Voice & Vocal Perception,Vocal Gender Perception,NEW,
Voice & Vocal Perception,Vocal Intelligibility,NEW,
Voice & Vocal Perception,Vocal Intensity,NEW,
Voice & Vocal Perception,Vocal Loudness,NEW,
Voice & Vocal Perception,Vocal Masking,NEW,
Voice & Vocal Perception,Vocal Naturalness,NEW,
Voice & Vocal Perception,Vocal Pitch,NEW,
Voice & Vocal Perception,Vocal Presence,NEW,
Voice & Vocal Perception,Vocal Projection,NEW,
Voice & Vocal Perception,Vocal Range,NEW,
Voice & Vocal Perception,Vocal Register,NEW,
Voice & Vocal Perception,Vocal Resonance,NEW,
Voice & Vocal Perception,Vocal Timbre,NEW,
Voice & Vocal Perception,Voice and Vocal Perception,NEW,
Voice & Vocal Perception,Voice Identity,NEW,
Voice & Vocal Perception,Voice Production,NEW,
Voice & Vocal Perception,Voice Quality,NEW,
Voice & Vocal Perception,Whistle Register,NEW,
[ADD] Assisted Listening Systems (gs17),Accessibility,EXISTS,Assisted Listening Systems
[ADD] Assisted Listening Systems (gs17),Accessibility Audit,NEW,
[ADD] Assisted Listening Systems (gs17),Accessibility Documentation,NEW,
[ADD] Assisted Listening Systems (gs17),Accessibility Maintenance,NEW,
[ADD] Assisted Listening Systems (gs17),Accessibility Monitoring,NEW,
[ADD] Assisted Listening Systems (gs17),Accessibility Program,NEW,
[ADD] Assisted Listening Systems (gs17),Accessibility Signage,NEW,
[ADD] Assisted Listening Systems (gs17),Accessibility Standards,NEW,
[ADD] Assisted Listening Systems (gs17),Accessibility Verification,NEW,
[ADD] Assisted Listening Systems (gs17),Accessible Communication,NEW,
[ADD] Assisted Listening Systems (gs17),ADA Compliance,EXISTS,Assisted Listening Systems
[ADD] Assisted Listening Systems (gs17),Assembly Occupancy,NEW,
[ADD] Assisted Listening Systems (gs17),Assistive Listening,NEW,
[ADD] Assisted Listening Systems (gs17),Assistive Listening Coverage,NEW,
[ADD] Assisted Listening Systems (gs17),Assistive Listening Device (ALD),NEW,
[ADD] Assisted Listening Systems (gs17),Assistive Listening Feed,NEW,
[ADD] Assisted Listening Systems (gs17),Assistive Listening Performance Standard,NEW,
[ADD] Assisted Listening Systems (gs17),Assistive Listening System (ALS),EXISTS,"Assisted Listening Systems, Audio System Design"
[ADD] Assisted Listening Systems (gs17),Audio Description Receiver,NEW,
[ADD] Assisted Listening Systems (gs17),Automatic Speech Recognition (ASR),NEW,
[ADD] Assisted Listening Systems (gs17),Battery Management,EXISTS,Assisted Listening Systems
[ADD] Assisted Listening Systems (gs17),Bone Conduction Headphones,NEW,
[ADD] Assisted Listening Systems (gs17),Bone-Anchored Hearing System,NEW,
[ADD] Assisted Listening Systems (gs17),Caption Accuracy,NEW,
[ADD] Assisted Listening Systems (gs17),Caption Latency,NEW,
[ADD] Assisted Listening Systems (gs17),Caption Synchronization,NEW,
[ADD] Assisted Listening Systems (gs17),CART (Communication Access Realtime Translation),NEW,
[ADD] Assisted Listening Systems (gs17),Cinema Accessibility,NEW,
[ADD] Assisted Listening Systems (gs17),Classroom Accessibility,NEW,
[ADD] Assisted Listening Systems (gs17),Closed Captioning,EXISTS,Assisted Listening Systems
[ADD] Assisted Listening Systems (gs17),Cochlear Implant,NEW,
[ADD] Assisted Listening Systems (gs17),Cochlear Implant Audio Streaming,NEW,
[ADD] Assisted Listening Systems (gs17),Conference Accessibility,NEW,
[ADD] Assisted Listening Systems (gs17),Descriptive Audio,NEW,
[ADD] Assisted Listening Systems (gs17),Dialogue Priority Mix,NEW,
[ADD] Assisted Listening Systems (gs17),Digital RF Assistive Listening,NEW,
[ADD] Assisted Listening Systems (gs17),Direct Hearing Aid Streaming,NEW,
[ADD] Assisted Listening Systems (gs17),Effective Communication,NEW,
[ADD] Assisted Listening Systems (gs17),Emergency Communication Accessibility,NEW,
[ADD] Assisted Listening Systems (gs17),FM Assistive Listening System,NEW,
[ADD] Assisted Listening Systems (gs17),Hearing Aid,NEW,
[ADD] Assisted Listening Systems (gs17),Hearing Aid Compatibility,NEW,
[ADD] Assisted Listening Systems (gs17),Hearing Assistance Mix,NEW,
[ADD] Assisted Listening Systems (gs17),Hearing Assistance Request,NEW,
[ADD] Assisted Listening Systems (gs17),Hearing Assistance Symbol,NEW,
[ADD] Assisted Listening Systems (gs17),Hearing Loop,EXISTS,Assisted Listening Systems
[ADD] Assisted Listening Systems (gs17),Inclusive Audio,NEW,
[ADD] Assisted Listening Systems (gs17),Inclusive System Design,NEW,
[ADD] Assisted Listening Systems (gs17),Induction Loop System,NEW,
[ADD] Assisted Listening Systems (gs17),Infrared Assistive Listening System,NEW,
[ADD] Assisted Listening Systems (gs17),Interpreter Feed,NEW,
[ADD] Assisted Listening Systems (gs17),Language Distribution System,NEW,
[ADD] Assisted Listening Systems (gs17),Live Captioning,NEW,
[ADD] Assisted Listening Systems (gs17),Loop Driver (Loop Amplifier),EXISTS,Assisted Listening Systems
[ADD] Assisted Listening Systems (gs17),Loop Field Strength,NEW,
[ADD] Assisted Listening Systems (gs17),Loop Overspill Control,NEW,
[ADD] Assisted Listening Systems (gs17),Loop Spill,NEW,
[ADD] Assisted Listening Systems (gs17),Multilingual Audio,NEW,
[ADD] Assisted Listening Systems (gs17),Museum Accessibility,NEW,
[ADD] Assisted Listening Systems (gs17),Neck Loop,EXISTS,Assisted Listening Systems
[ADD] Assisted Listening Systems (gs17),Open Captioning,NEW,
[ADD] Assisted Listening Systems (gs17),Personal Receiver,EXISTS,Assisted Listening Systems
[ADD] Assisted Listening Systems (gs17),Public Accommodation,NEW,
[ADD] Assisted Listening Systems (gs17),Receiver Checkout Procedure,NEW,
[ADD] Assisted Listening Systems (gs17),Receiver Distribution System,NEW,
[ADD] Assisted Listening Systems (gs17),Receiver Inventory,NEW,
[ADD] Assisted Listening Systems (gs17),Receiver Sanitization,NEW,
[ADD] Assisted Listening Systems (gs17),Reduced Listener Fatigue,NEW,
[ADD] Assisted Listening Systems (gs17),Simultaneous Interpretation System,NEW,
[ADD] Assisted Listening Systems (gs17),Speech Optimization for Accessibility,NEW,
[ADD] Assisted Listening Systems (gs17),Staff Accessibility Training,NEW,
[ADD] Assisted Listening Systems (gs17),Telecoil (T-Coil),EXISTS,Assisted Listening Systems
[ADD] Assisted Listening Systems (gs17),Transportation Accessibility,NEW,
[ADD] Assisted Listening Systems (gs17),Universal Design,EXISTS,Assisted Listening Systems
[ADD] Assisted Listening Systems (gs17),Worship Accessibility,NEW,
[ADD] HiFi Consumer Audio (gs18),Accessibility Audio Features,NEW,
[ADD] HiFi Consumer Audio (gs18),Active Noise Cancellation (ANC),EXISTS,Consumer Audio Systems
[ADD] HiFi Consumer Audio (gs18),Audio Latency,EXISTS,Troubleshooting
[ADD] HiFi Consumer Audio (gs18),Auracast Broadcast Audio,NEW,
[ADD] HiFi Consumer Audio (gs18),Auto Calibration,NEW,
[ADD] HiFi Consumer Audio (gs18),Automotive Listening,NEW,
[ADD] HiFi Consumer Audio (gs18),Background Music,EXISTS,Analog Live Sound
[ADD] HiFi Consumer Audio (gs18),Bass Enhancement,NEW,
[ADD] HiFi Consumer Audio (gs18),Bluetooth Audio,NEW,
[ADD] HiFi Consumer Audio (gs18),Bluetooth Codec,NEW,
[ADD] HiFi Consumer Audio (gs18),Bluetooth LE Audio,NEW,
[ADD] HiFi Consumer Audio (gs18),Bookshelf Speaker,EXISTS,Consumer Audio Systems
[ADD] HiFi Consumer Audio (gs18),Casual Listening,NEW,
[ADD] HiFi Consumer Audio (gs18),Closed-Back Headphones,EXISTS,Consumer Audio Systems
[ADD] HiFi Consumer Audio (gs18),Consumer Audio,NEW,
[ADD] HiFi Consumer Audio (gs18),Consumer Playback Translation,NEW,
[ADD] HiFi Consumer Audio (gs18),Desktop Computer Audio,NEW,
[ADD] HiFi Consumer Audio (gs18),Dialogue Enhancement,NEW,
[ADD] HiFi Consumer Audio (gs18),Dynamic Range Compression,NEW,
[ADD] HiFi Consumer Audio (gs18),Earbuds,EXISTS,Consumer Audio Systems
[ADD] HiFi Consumer Audio (gs18),Farfield Consumer Listening,NEW,
[ADD] HiFi Consumer Audio (gs18),Floorstanding Speaker,EXISTS,Consumer Audio Systems
[ADD] HiFi Consumer Audio (gs18),Focused Listening,NEW,
[ADD] HiFi Consumer Audio (gs18),Foreground Music,EXISTS,Commercial Audio Systems
[ADD] HiFi Consumer Audio (gs18),Headphones,NEW,
[ADD] HiFi Consumer Audio (gs18),Hearing Aid Streaming,NEW,
[ADD] HiFi Consumer Audio (gs18),Hearing Health Notifications,NEW,
[ADD] HiFi Consumer Audio (gs18),High-Resolution Audio,NEW,
[ADD] HiFi Consumer Audio (gs18),Home Theater System,NEW,
[ADD] HiFi Consumer Audio (gs18),Household Ambient Noise,NEW,
[ADD] HiFi Consumer Audio (gs18),In-Ear Headphones,NEW,
[ADD] HiFi Consumer Audio (gs18),Internet Radio,NEW,
[ADD] HiFi Consumer Audio (gs18),Laptop Audio,NEW,
[ADD] HiFi Consumer Audio (gs18),Lip-Sync Delay,NEW,
[ADD] HiFi Consumer Audio (gs18),Live Streaming,NEW,
[ADD] HiFi Consumer Audio (gs18),Lossless Audio Compression,NEW,
[ADD] HiFi Consumer Audio (gs18),Lossy Audio Compression,NEW,
[ADD] HiFi Consumer Audio (gs18),Loudness Normalization,EXISTS,"Mastering, Podcasting & Broadcast Audio"
[ADD] HiFi Consumer Audio (gs18),Mobile Listening,NEW,
[ADD] HiFi Consumer Audio (gs18),Multi-Room Audio,NEW,
[ADD] HiFi Consumer Audio (gs18),Music Streaming Service,NEW,
[ADD] HiFi Consumer Audio (gs18),Nearfield Consumer Listening,NEW,
[ADD] HiFi Consumer Audio (gs18),Night Mode,NEW,
[ADD] HiFi Consumer Audio (gs18),Noise-Isolating Headphones,NEW,
[ADD] HiFi Consumer Audio (gs18),On-Demand Streaming,NEW,
[ADD] HiFi Consumer Audio (gs18),Open-Back Headphones,EXISTS,Consumer Audio Systems
[ADD] HiFi Consumer Audio (gs18),Passive Speaker,EXISTS,Consumer Audio Systems
[ADD] HiFi Consumer Audio (gs18),Personalized Spatial Audio,NEW,
[ADD] HiFi Consumer Audio (gs18),Playback Device,NEW,
[ADD] HiFi Consumer Audio (gs18),Playback Optimization,NEW,
[ADD] HiFi Consumer Audio (gs18),Playback System,EXISTS,Film & Game Audio
[ADD] HiFi Consumer Audio (gs18),Playback Volume Preference,NEW,
[ADD] HiFi Consumer Audio (gs18),Podcast Playback,NEW,
[ADD] HiFi Consumer Audio (gs18),Portable Audio Player,NEW,
[ADD] HiFi Consumer Audio (gs18),Powered Speaker,EXISTS,Consumer Audio Systems
[ADD] HiFi Consumer Audio (gs18),Replay Gain,NEW,
[ADD] HiFi Consumer Audio (gs18),Room Correction,EXISTS,"Audio Measurement & Optimization, Consumer Audio Systems, Equalization (EQ)"
[ADD] HiFi Consumer Audio (gs18),Satellite Speaker,EXISTS,Consumer Audio Systems
[ADD] HiFi Consumer Audio (gs18),Smart Speaker,EXISTS,Consumer Audio Systems
[ADD] HiFi Consumer Audio (gs18),Smartphone Audio,NEW,
[ADD] HiFi Consumer Audio (gs18),Soundbar,EXISTS,"Amps & Loudspeakers, Consumer Audio Systems, Loudspeaker System Deployment"
[ADD] HiFi Consumer Audio (gs18),Stereo Pair,EXISTS,"Band Recording and Production, Recording Arts"
[ADD] HiFi Consumer Audio (gs18),Stereo System,NEW,
[ADD] HiFi Consumer Audio (gs18),Streaming Audio,NEW,
[ADD] HiFi Consumer Audio (gs18),Subwoofer,EXISTS,"Amps & Loudspeakers, Audio System Design, Commercial Audio Systems, Film & Game Audio, Loudspeaker System Deployment"
[ADD] HiFi Consumer Audio (gs18),Tablet Audio,NEW,
[ADD] HiFi Consumer Audio (gs18),Television Audio,NEW,
[ADD] HiFi Consumer Audio (gs18),Transparency Mode,NEW,
[ADD] HiFi Consumer Audio (gs18),Voice Assistant,NEW,
[ADD] HiFi Consumer Audio (gs18),Whole-House Audio,NEW,
[ADD] HiFi Consumer Audio (gs18),Wireless Headphones,NEW,
[ADD] HiFi Consumer Audio (gs18),Wireless Range,NEW,
[ADD] HiFi Consumer Audio (gs18),Zone Audio,NEW,
