term,target_topic,status
Bates Connector,Connectors & Cables,NEW
IEC 60309 Connector,Connectors & Cables,NEW
Neutrik powerCON TRUE1 Connector,Connectors & Cables,NEW
TS Phono Connector,Connectors & Cables,NEW
TRS Phono Cable,Connectors & Cables,NEW
RCA-to-Phono TS Adapter,Connectors & Cables,NEW
Headphone Splitter,Connectors & Cables,NEW
DB25 Cable,Connectors & Cables,NEW
speakON Cable,Connectors & Cables,EXISTS
Articulating Arm,Microphones,NEW
Tripod Mic Stand,Microphones,NEW
Mic Stand Weighted Base,Microphones,NEW
Mic Flange Mount,Microphones,NEW
Mic Clamp Mount,Microphones,NEW
Power Strip,Grounding & Electrical,NEW
Optical Cable (TOSLINK),I/O Connections,NEW
Studio Speaker Isolation Stands,Loudspeaker Fundamentals,NEW
Speaker Stand,Loudspeaker Deployment,NEW
Multitrack Reel-to-Reel Recorder,Recorders,NEW
Ghost Light,Theatrical Sound,NEW
Anechoic Chamber,Sound & Acoustics,NEW
