term,old_file,new_file,old_url,new_url,status
3.5mm Connector,TRS3mmConnector.PNG,3-5mm-connector.webp,glossary-images/TRS3mmConnector.PNG,glossary-images/3-5mm-connector.webp,ok
5-Pin DIN (MIDI),MIDIcable.PNG,5-pin-din.webp,glossary-images/MIDIcable.PNG,glossary-images/5-pin-din.webp,ok
AC Power,ACOutle.PNG,ac-power.webp,glossary-images/ACOutle.PNG,glossary-images/ac-power.webp,ok
AED,AED.PNG,aed.webp,glossary-images/AED.PNG,glossary-images/aed.webp,ok
Arcing,ElectircalArch.PNG,arcing.webp,glossary-images/ElectircalArch.PNG,glossary-images/arcing.webp,ok
Audio Interface,AduioInterface.PNG,audio-interface.webp,glossary-images/AduioInterface.PNG,glossary-images/audio-interface.webp,ok
Banana Plug,Banana.PNG,banana-plug.webp,glossary-images/Banana.PNG,glossary-images/banana-plug.webp,ok
Barricade,Barricade.PNG,barricade.webp,glossary-images/Barricade.PNG,glossary-images/barricade.webp,ok
Binaural Mic,BinauralMic (2).PNG,binaural-mic.webp,glossary-images/BinauralMic (2).PNG,glossary-images/binaural-mic.webp,ok
BNC Connector (Bayonet Neill-Concelman),BNCconnector.PNG,bnc-connector.webp,glossary-images/BNCconnector.PNG,glossary-images/bnc-connector.webp,ok
Boundary Microphone (PZM),PZM.PNG,boundary-microphone.webp,glossary-images/PZM.PNG,glossary-images/boundary-microphone.webp,ok
Cable Ramp,CableCover.PNG,cable-ramp.webp,glossary-images/CableCover.PNG,glossary-images/cable-ramp.webp,ok
Cable Tie,ZipTies.PNG,cable-tie.webp,glossary-images/ZipTies.PNG,glossary-images/cable-tie.webp,ok
Camlock,CAMLOK_ac_connector.PNG,camlock.webp,glossary-images/CAMLOK_ac_connector.PNG,glossary-images/camlock.webp,ok
Carbon Microphone,CarbonMic.PNG,carbon-microphone.webp,glossary-images/CarbonMic.PNG,glossary-images/carbon-microphone.webp,ok
Circuit Breaker,CircuitBreaker.PNG,circuit-breaker.webp,glossary-images/CircuitBreaker.PNG,glossary-images/circuit-breaker.webp,ok
Coaxial Cable,CoaxialCable.PNG,coaxial-cable.webp,glossary-images/CoaxialCable.PNG,glossary-images/coaxial-cable.webp,ok
Coaxial Driver,CoAxial_vehicleSPeaker.PNG,coaxial-driver.webp,glossary-images/CoAxial_vehicleSPeaker.PNG,glossary-images/coaxial-driver.webp,ok
Condenser Microphone,CondenserMic.PNG,condenser-microphone.webp,glossary-images/CondenserMic.PNG,glossary-images/condenser-microphone.webp,ok
constant directivity (CD) horn,ConstantDirectivityHorn.PNG,constant-directivity-horn.webp,glossary-images/ConstantDirectivityHorn.PNG,glossary-images/constant-directivity-horn.webp,ok
Contact Microphone,ContactMic.PNG,contact-microphone.webp,glossary-images/ContactMic.PNG,glossary-images/contact-microphone.webp,ok
Crimping Tool,Crimper.PNG,crimping-tool.webp,glossary-images/Crimper.PNG,glossary-images/crimping-tool.webp,ok
Damaged Power Cord,BadCable.PNG,damaged-power-cord.webp,glossary-images/BadCable.PNG,glossary-images/damaged-power-cord.webp,ok
DB25 (D-sub),db25_connector.PNG,db25.webp,glossary-images/db25_connector.PNG,glossary-images/db25.webp,ok
DI box (direct injection),DIbox.PNG,di-box.webp,glossary-images/DIbox.PNG,glossary-images/di-box.webp,ok
Diffuser,SkylineDiffuser.PNG,diffuser.webp,glossary-images/SkylineDiffuser.PNG,glossary-images/diffuser.webp,ok
Dolly,F0AF20D8-BA64-4397-9B9F-1A0C9177E352.PNG,dolly.webp,glossary-images/F0AF20D8-BA64-4397-9B9F-1A0C9177E352.PNG,glossary-images/dolly.webp,ok
Dosimeter,Dosimiter.PNG,dosimeter.webp,glossary-images/Dosimiter.PNG,glossary-images/dosimeter.webp,ok
Drum Riser,DrumRiser.PNG,drum-riser.webp,glossary-images/DrumRiser.PNG,glossary-images/drum-riser.webp,ok
Earplugs,EarPlugs.PNG,earplugs.webp,glossary-images/EarPlugs.PNG,glossary-images/earplugs.webp,ok
Edison Plug,EdisonConnector.PNG,edison-plug.webp,glossary-images/EdisonConnector.PNG,glossary-images/edison-plug.webp,ok
Electrical Arc,ElectircalArch.PNG,electrical-arc.webp,glossary-images/ElectircalArch.PNG,glossary-images/electrical-arc.webp,ok
Electrical Shock,ElectHazzard.PNG,electrical-shock.webp,glossary-images/ElectHazzard.PNG,glossary-images/electrical-shock.webp,ok
Electrocution,ShockHazSign.PNG,electrocution.webp,glossary-images/ShockHazSign.PNG,glossary-images/electrocution.webp,ok
Emergency Exit,EmergncyExit.PNG,emergency-exit.webp,glossary-images/EmergncyExit.PNG,glossary-images/emergency-exit.webp,ok
Equipment Ground,GroundPoint.PNG,equipment-ground.webp,glossary-images/GroundPoint.PNG,glossary-images/equipment-ground.webp,ok
Evacuation Route,Evac_Route.PNG,evacuation-route.webp,glossary-images/Evac_Route.PNG,glossary-images/evacuation-route.webp,ok
Fader,Fader.PNG,fader.webp,glossary-images/Fader.PNG,glossary-images/fader.webp,ok
Fall Arrest System,FallArrestSystm.PNG,fall-arrest-system.webp,glossary-images/FallArrestSystm.PNG,glossary-images/fall-arrest-system.webp,ok
Fall Hazard,FallHazzard.PNG,fall-hazard.webp,glossary-images/FallHazzard.PNG,glossary-images/fall-hazard.webp,ok
Fire Alarm,FireAlarm.PNG,fire-alarm.webp,glossary-images/FireAlarm.PNG,glossary-images/fire-alarm.webp,ok
Fire Extinguisher,FireExtinguish.PNG,fire-extinguisher.webp,glossary-images/FireExtinguish.PNG,glossary-images/fire-extinguisher.webp,ok
FireWire,FirewireConnector.PNG,firewire.webp,glossary-images/FirewireConnector.PNG,glossary-images/firewire.webp,ok
First Aid Kit,FirstAidKit.PNG,first-aid-kit.webp,glossary-images/FirstAidKit.PNG,glossary-images/first-aid-kit.webp,ok
Folded Horn,FoldedHorn.PNG,folded-horn.webp,glossary-images/FoldedHorn.PNG,glossary-images/folded-horn.webp,ok
Gaffer Tape,GaffTape.PNG,gaffer-tape.webp,glossary-images/GaffTape.PNG,glossary-images/gaffer-tape.webp,ok
GFCI,GFCIoutlet.PNG,gfci.webp,glossary-images/GFCIoutlet.PNG,glossary-images/gfci.webp,ok
Gigabit Ethernet,EthernetConnector.PNG,gigabit-ethernet.webp,glossary-images/EthernetConnector.PNG,glossary-images/gigabit-ethernet.webp,ok
Gooseneck Microphone,GoosneckMic.PNG,gooseneck-microphone.webp,glossary-images/GoosneckMic.PNG,glossary-images/gooseneck-microphone.webp,ok
graphic equalizer,GraphicEQ.PNG,graphic-equalizer.webp,glossary-images/GraphicEQ.PNG,glossary-images/graphic-equalizer.webp,ok
Ground Bus Bar,RackGroundBusBar.PNG,ground-bus-bar.webp,glossary-images/RackGroundBusBar.PNG,glossary-images/ground-bus-bar.webp,ok
Ground Rod,GroundRod.PNG,ground-rod.webp,glossary-images/GroundRod.PNG,glossary-images/ground-rod.webp,ok
Hand Truck,Handtruck.PNG,hand-truck.webp,glossary-images/Handtruck.PNG,glossary-images/hand-truck.webp,ok
Handheld Microphone,HandheldMic.PNG,handheld-microphone.webp,glossary-images/HandheldMic.PNG,glossary-images/handheld-microphone.webp,ok
Hard Hat,HardHat.PNG,hard-hat.webp,glossary-images/HardHat.PNG,glossary-images/hard-hat.webp,ok
Hazard,HazzardAreaSigns.PNG,hazard.webp,glossary-images/HazzardAreaSigns.PNG,glossary-images/hazard.webp,ok
HDMI,HDMIconnector.PNG,hdmi.webp,glossary-images/HDMIconnector.PNG,glossary-images/hdmi.webp,ok
Headphone,Headphones.PNG,headphone.webp,glossary-images/Headphones.PNG,glossary-images/headphone.webp,ok
Headphone Adapter,HeadphoneAdapter.PNG,headphone-adapter.webp,glossary-images/HeadphoneAdapter.PNG,glossary-images/headphone-adapter.webp,ok
Headphone Amp,HeadphoneAmplifier.PNG,headphone-amp.webp,glossary-images/HeadphoneAmplifier.PNG,glossary-images/headphone-amp.webp,ok
Headset microphone,HeadsetMic.PNG,headset-microphone.webp,glossary-images/HeadsetMic.PNG,glossary-images/headset-microphone.webp,ok
Hearing Protection,EarMuffs.PNG,hearing-protection.webp,glossary-images/EarMuffs.PNG,glossary-images/hearing-protection.webp,ok
Heat Gun,HeatGun.PNG,heat-gun.webp,glossary-images/HeatGun.PNG,glossary-images/heat-gun.webp,ok
Heat Shrink Tubing,ShrinkTubing.PNG,heat-shrink-tubing.webp,glossary-images/ShrinkTubing.PNG,glossary-images/heat-shrink-tubing.webp,ok
High-Visibility Vest,HighVizVest.PNG,high-visibility-vest.webp,glossary-images/HighVizVest.PNG,glossary-images/high-visibility-vest.webp,ok
Horn Tweeter,HornTweeter.PNG,horn-tweeter.webp,glossary-images/HornTweeter.PNG,glossary-images/horn-tweeter.webp,ok
IEC Connector,IECconnector.PNG,iec-connector.webp,glossary-images/IECconnector.PNG,glossary-images/iec-connector.webp,ok
IEM (In-Ear Monitor),InEarMonitor.PNG,iem.webp,glossary-images/InEarMonitor.PNG,glossary-images/iem.webp,ok
Insert Cable,Insert_cable.PNG,insert-cable.webp,glossary-images/Insert_cable.PNG,glossary-images/insert-cable.webp,ok
Large-Diaphragm Microphone (LD Mic),U87mic.PNG,large-diaphragm-microphone.webp,glossary-images/U87mic.PNG,glossary-images/large-diaphragm-microphone.webp,ok
Lavalier Microphone (Lapel Mic / Lav),LavMic.PNG,lavalier-microphone.webp,glossary-images/LavMic.PNG,glossary-images/lavalier-microphone.webp,ok
Lightning Connector,Lightning_connector.PNG,lightning-connector.webp,glossary-images/Lightning_connector.PNG,glossary-images/lightning-connector.webp,ok
MADI (Multichannel Audio Digital Interface),MADIconnector.PNG,madi.webp,glossary-images/MADIconnector.PNG,glossary-images/madi.webp,ok
Measurement microphone,MeasurementMic.PNG,measurement-microphone.webp,glossary-images/MeasurementMic.PNG,glossary-images/measurement-microphone.webp,ok
Mic Clip,MicClip.PNG,mic-clip.webp,glossary-images/MicClip.PNG,glossary-images/mic-clip.webp,ok
Mic Stand,MicStand.PNG,mic-stand.webp,glossary-images/MicStand.PNG,glossary-images/mic-stand.webp,ok
MIDI DIN (5-Pin),MIDIport.PNG,midi-din.webp,glossary-images/MIDIport.PNG,glossary-images/midi-din.webp,ok
Multimeter,ElectMeter.PNG,multimeter.webp,glossary-images/ElectMeter.PNG,glossary-images/multimeter.webp,ok
Near-Field Monitor,NearfieldSpkrs.PNG,near-field-monitor.webp,glossary-images/NearfieldSpkrs.PNG,glossary-images/near-field-monitor.webp,ok
Oscilloscope,Ocsilliscope.PNG,oscilloscope.webp,glossary-images/Ocsilliscope.PNG,glossary-images/oscilloscope.webp,ok
Outlet Tester,ACoutletTester.PNG,outlet-tester.webp,glossary-images/ACoutletTester.PNG,glossary-images/outlet-tester.webp,ok
Parabolic Microphone,ParabolicMic.PNG,parabolic-microphone.webp,glossary-images/ParabolicMic.PNG,glossary-images/parabolic-microphone.webp,ok
Patch bay,Patchbay.PNG,patch-bay.webp,glossary-images/Patchbay.PNG,glossary-images/patch-bay.webp,ok
Personal Protective Equipment (PPE),PPE.PNG,personal-protective-equipment.webp,glossary-images/PPE.PNG,glossary-images/personal-protective-equipment.webp,ok
Phono Cartridge,PhonoStyluCartridge.PNG,phono-cartridge.webp,glossary-images/PhonoStyluCartridge.PNG,glossary-images/phono-cartridge.webp,ok
Pinch Point,PinchPoint.PNG,pinch-point.webp,glossary-images/PinchPoint.PNG,glossary-images/pinch-point.webp,ok
Pop filter,PopFilter.PNG,pop-filter.webp,glossary-images/PopFilter.PNG,glossary-images/pop-filter.webp,ok
Pot (Potentiometer),Pot_wKnob.PNG,pot.webp,glossary-images/Pot_wKnob.PNG,glossary-images/pot.webp,ok
Power Conditioner,PowerCOnditioner.PNG,power-conditioner.webp,glossary-images/PowerCOnditioner.PNG,glossary-images/power-conditioner.webp,ok
Rack Shelf,RackShelf.PNG,rack-shelf.webp,glossary-images/RackShelf.PNG,glossary-images/rack-shelf.webp,ok
RCA,RCA.PNG,rca.webp,glossary-images/RCA.PNG,glossary-images/rca.webp,ok
RG-59 Cable,RG-59.PNG,rg-59-cable.webp,glossary-images/RG-59.PNG,glossary-images/rg-59-cable.webp,ok
RG-6 Cable,RG-6cable.PNG,rg-6-cable.webp,glossary-images/RG-6cable.PNG,glossary-images/rg-6-cable.webp,ok
Right-Angle Adapter,right_angle_adapter.PNG,right-angle-adapter.webp,glossary-images/right_angle_adapter.PNG,glossary-images/right-angle-adapter.webp,ok
S/PDIF (Sony/Philips Digital Interface),spdifCOnnector.PNG,s-pdif.webp,glossary-images/spdifCOnnector.PNG,glossary-images/s-pdif.webp,ok
Safety Glasses,SafetyGlasses.PNG,safety-glasses.webp,glossary-images/SafetyGlasses.PNG,glossary-images/safety-glasses.webp,ok
Scissor Lift,SicsorLift.PNG,scissor-lift.webp,glossary-images/SicsorLift.PNG,glossary-images/scissor-lift.webp,ok
Server Rack,ServerRack.PNG,server-rack.webp,glossary-images/ServerRack.PNG,glossary-images/server-rack.webp,ok
Shock mount,SHockMount.PNG,shock-mount.webp,glossary-images/SHockMount.PNG,glossary-images/shock-mount.webp,ok
Shotgun microphone,ShotgunMic.PNG,shotgun-microphone.webp,glossary-images/ShotgunMic.PNG,glossary-images/shotgun-microphone.webp,ok
Side Fill,SIdeFillSpkr.PNG,side-fill.webp,glossary-images/SIdeFillSpkr.PNG,glossary-images/side-fill.webp,ok
Slip Hazard,slipHazzardSign.PNG,slip-hazard.webp,glossary-images/slipHazzardSign.PNG,glossary-images/slip-hazard.webp,ok
Solder Wick,SolderWick.PNG,solder-wick.webp,glossary-images/SolderWick.PNG,glossary-images/solder-wick.webp,ok
Soldering Iron,ColderingIronandSolder.PNG,soldering-iron.webp,glossary-images/ColderingIronandSolder.PNG,glossary-images/soldering-iron.webp,ok
Soldering Station,SolderingStation.PNG,soldering-station.webp,glossary-images/SolderingStation.PNG,glossary-images/soldering-station.webp,ok
Speakon,SpeakonConnector.PNG,speakon.webp,glossary-images/SpeakonConnector.PNG,glossary-images/speakon.webp,ok
Speakon Cable,Speakon_cable.PNG,speakon-cable.webp,glossary-images/Speakon_cable.PNG,glossary-images/speakon-cable.webp,ok
SPL Meter (Sound Level Meter),SPLmeter.PNG,spl-meter.webp,glossary-images/SPLmeter.PNG,glossary-images/spl-meter.webp,ok
Spotter,SpotterSign.PNG,spotter.webp,glossary-images/SpotterSign.PNG,glossary-images/spotter.webp,ok
Stage Monitor,StageMonitors.PNG,stage-monitor.webp,glossary-images/StageMonitors.PNG,glossary-images/stage-monitor.webp,ok
Steel-Toe Boots,SteelToesdShoes.PNG,steel-toe-boots.webp,glossary-images/SteelToesdShoes.PNG,glossary-images/steel-toe-boots.webp,ok
Super Tweeter,SuperTweeterSpkr.PNG,super-tweeter.webp,glossary-images/SuperTweeterSpkr.PNG,glossary-images/super-tweeter.webp,ok
Team Lift,SharedLiftSign.PNG,team-lift.webp,glossary-images/SharedLiftSign.PNG,glossary-images/team-lift.webp,ok
Three Points of Contact,3pointsContactSign.PNG,three-points-of-contact.webp,glossary-images/3pointsContactSign.PNG,glossary-images/three-points-of-contact.webp,ok
Three-Way Speaker,3WayEncolsure.PNG,three-way-speaker.webp,glossary-images/3WayEncolsure.PNG,glossary-images/three-way-speaker.webp,ok
Thunderbolt,ThunderboltCable.PNG,thunderbolt.webp,glossary-images/ThunderboltCable.PNG,glossary-images/thunderbolt.webp,ok
TOSLINK (Optical),OpticalPlug.PNG,toslink.webp,glossary-images/OpticalPlug.PNG,glossary-images/toslink.webp,ok
Transport Controls,Transport.PNG,transport-controls.webp,glossary-images/Transport.PNG,glossary-images/transport-controls.webp,ok
Trip Hazard,TripHazzard.PNG,trip-hazard.webp,glossary-images/TripHazzard.PNG,glossary-images/trip-hazard.webp,ok
TRRS Connector,TRRS_3Mmm.PNG,trrs-connector.webp,glossary-images/TRRS_3Mmm.PNG,glossary-images/trrs-connector.webp,ok
TRS Connector (Tip-Ring-Sleeve),TRSconnector.PNG,trs-connector.webp,glossary-images/TRSconnector.PNG,glossary-images/trs-connector.webp,ok
TS Connector (Tip-Sleeve),TSconnector.PNG,ts-connector.webp,glossary-images/TSconnector.PNG,glossary-images/ts-connector.webp,ok
Turntable,Turntable.PNG,turntable.webp,glossary-images/Turntable.PNG,glossary-images/turntable.webp,ok
tweeter,TweeterSpkr.PNG,tweeter.webp,glossary-images/TweeterSpkr.PNG,glossary-images/tweeter.webp,ok
Two-Way Speaker,2wayEnclosure.PNG,two-way-speaker.webp,glossary-images/2wayEnclosure.PNG,glossary-images/two-way-speaker.webp,ok
USB-B,USBb.PNG,usb-b.webp,glossary-images/USBb.PNG,glossary-images/usb-b.webp,ok
USB-C,USBc.PNG,usb-c.webp,glossary-images/USBc.PNG,glossary-images/usb-c.webp,ok
Vacuum tube,VacuumTube.PNG,vacuum-tube.webp,glossary-images/VacuumTube.PNG,glossary-images/vacuum-tube.webp,ok
VU Meter (Volume Unit Meter),VUmeter.PNG,vu-meter.webp,glossary-images/VUmeter.PNG,glossary-images/vu-meter.webp,ok
Weight Distribution,EvenLoadingSign.PNG,weight-distribution.webp,glossary-images/EvenLoadingSign.PNG,glossary-images/weight-distribution.webp,ok
Windscreen,FoamWindScreen.PNG,windscreen.webp,glossary-images/FoamWindScreen.PNG,glossary-images/windscreen.webp,ok
Wire Stripper,StrippingTool.PNG,wire-stripper.webp,glossary-images/StrippingTool.PNG,glossary-images/wire-stripper.webp,ok
Wire Strippers,StrippingTool.PNG,wire-strippers.webp,glossary-images/StrippingTool.PNG,glossary-images/wire-strippers.webp,ok
Wireless microphone,WirelessMic.PNG,wireless-microphone.webp,glossary-images/WirelessMic.PNG,glossary-images/wireless-microphone.webp,ok
woofer,WooferSpeaker.PNG,woofer.webp,glossary-images/WooferSpeaker.PNG,glossary-images/woofer.webp,ok
Work Gloves,WorkGloves.PNG,work-gloves.webp,glossary-images/WorkGloves.PNG,glossary-images/work-gloves.webp,ok
XLR Cable,XLRcable.PNG,xlr-cable.webp,glossary-images/XLRcable.PNG,glossary-images/xlr-cable.webp,NO ART (pre-wire only)
XLRF,XLRFconnector.PNG,xlrf.webp,glossary-images/XLRFconnector.PNG,glossary-images/xlrf.webp,NO ART (pre-wire only)
XLRM,XLRMconnector.PNG,xlrm.webp,glossary-images/XLRMconnector.PNG,glossary-images/xlrm.webp,NO ART (pre-wire only)
