term,n_links_skipped,reason
Adaptive room correction,1,term not in glossary (not in final term insert)
AI-assisted acoustic optimization,1,term not in glossary (not in final term insert)
AI-assisted gain staging,1,term not in glossary (not in final term insert)
AI-assisted mastering revision,1,term not in glossary (not in final term insert)
AI-assisted microphone placement,1,term not in glossary (not in final term insert)
AI-assisted session organization,1,term not in glossary (not in final term insert)
AI-assisted signal routing,1,term not in glossary (not in final term insert)
AI-assisted timing correction,1,term not in glossary (not in final term insert)
AI-assisted vocal tuning,1,term not in glossary (not in final term insert)
Air Harmonic Drive mode,1,term not in glossary (not in final term insert)
Array processing (air compensation),2,term not in glossary (not in final term insert)
ArrayCalc file,1,term not in glossary (likely Brand rule)
Artificial-intelligence-assisted editing,1,term not in glossary (not in final term insert)
Artificial-intelligence-assisted mastering,1,term not in glossary (not in final term insert)
Artificial-intelligence-assisted mixing,1,term not in glossary (not in final term insert)
Attack Cue,1,term not in glossary (not in final term insert)
Auto Gain (Focusrite),1,term not in glossary (likely Brand rule)
Automatic dialogue cleanup,1,term not in glossary (not in final term insert)
Automatic mix documentation,1,term not in glossary (not in final term insert)
Automatic stem generation,1,term not in glossary (not in final term insert)
Automatic transcription,1,term not in glossary (not in final term insert)
Autonomous quality control,1,term not in glossary (not in final term insert)
AutoSet (RME),1,term not in glossary (likely Brand rule)
Clip Safe (Focusrite),1,term not in glossary (likely Brand rule)
Content-aware audio editing,1,term not in glossary (not in final term insert)
Context-aware automation,1,term not in glossary (not in final term insert)
Countryman,1,term not in glossary (likely Brand rule)
Distraction Cue,1,term not in glossary (not in final term insert)
Engine DJ,2,term not in glossary (likely Brand rule)
Front of House Position,1,term not in glossary (not in final term insert)
Growl Cue,1,term not in glossary (not in final term insert)
High-pass filter switch,1,term not in glossary (not in final term insert)
Independent component analysis,1,term not in glossary (not in final term insert)
Inner-groove distortion,1,term not in glossary (not in final term insert)
Intelligent loudness optimization,1,term not in glossary (not in final term insert)
Intelligent noise reduction,1,term not in glossary (not in final term insert)
Intelligent session tagging,1,term not in glossary (not in final term insert)
Lake processor,1,term not in glossary (likely Brand rule)
Low-bitrate neural codec,1,term not in glossary (not in final term insert)
Machine-learning source separation,1,term not in glossary (not in final term insert)
MAPP file,1,term not in glossary (likely Brand rule)
MixMode,1,term not in glossary (likely Brand rule)
Network-aware signal routing,1,term not in glossary (not in final term insert)
Neural declipping,1,term not in glossary (not in final term insert)
Neural denoising,1,term not in glossary (not in final term insert)
Neural dereverberation,1,term not in glossary (not in final term insert)
Neural room correction,1,term not in glossary (not in final term insert)
Neural upmixing,1,term not in glossary (not in final term insert)
Personalized HRTF rendering,1,term not in glossary (not in final term insert)
Personalized spatial audio,1,term not in glossary (not in final term insert)
Predictive equipment maintenance,1,term not in glossary (not in final term insert)
Real-time source separation,1,term not in glossary (not in final term insert)
Rekordbox,2,term not in glossary (likely Brand rule)
Roar Cue,1,term not in glossary (not in final term insert)
Scare Sound Effect,2,term not in glossary (not in final term insert)
Scene-aware audio rendering,1,term not in glossary (not in final term insert)
Self-calibrating monitor system,1,term not in glossary (not in final term insert)
Semantic audio indexing,1,term not in glossary (not in final term insert)
Semantic audio search,1,term not in glossary (not in final term insert)
Serato,2,term not in glossary (likely Brand rule)
Silk (Rupert Neve),1,term not in glossary (likely Brand rule)
Silk Red/Blue mode,1,term not in glossary (likely Brand rule)
Snarl Cue,1,term not in glossary (not in final term insert)
Sound-event detection,1,term not in glossary (not in final term insert)
Sound-vision file,1,term not in glossary (likely Brand rule)
Startle Cue,1,term not in glossary (not in final term insert)
Surround Scare Effect,3,term not in glossary (not in final term insert)
Texture (Rupert Neve),1,term not in glossary (likely Brand rule)
Traktor,2,term not in glossary (likely Brand rule)
"Variable Harmonic Drive (VHD, SSL)",1,term not in glossary (likely Brand rule)
VirtualDJ,2,term not in glossary (likely Brand rule)
Voice-activity detection,1,term not in glossary (not in final term insert)
Whirlwind split,1,term not in glossary (likely Brand rule)
Whisper Cue,1,term not in glossary (not in final term insert)
Music Theory (target name),61,no v2 topic exists for target "Music Theory" - all 61 pairs dropped (mostly DJ Sound phrase/key terms)
